option-name,"Caesar Dressing *","Caesar Dressing ","caesar dressing ","Caesar Dressing s","caesar dressing s","Caesar Dressing","caesar dressing","Caesar Dressings","caesar dressings"
option-name,"Mustard Italian Dressing (Vegan)*","Mustard Italian Dressing (Vegan)","mustard italian dressing (vegan)","Mustard Italian Dressing (Vegan)s","mustard italian dressing (vegan)s","Mustard Italian Dressing","mustard italian dressing","Mustard Italian Dressings","mustard italian dressings"
option-name,"Blue Cheese Dressing (Vegetarian)*","Blue Cheese Dressing (Vegetarian)","blue cheese dressing (vegetarian)","Blue Cheese Dressing (Vegetarian)s","blue cheese dressing (vegetarian)s","Blue Cheese Dressing","blue cheese dressing","Blue Cheese Dressings","blue cheese dressings"
option-name,"Ranch Dressing (Vegetarian)*","Ranch Dressing (Vegetarian)","ranch dressing (vegetarian)","Ranch Dressing (Vegetarian)s","ranch dressing (vegetarian)s","Ranch Dressing","ranch dressing","Ranch Dressings","ranch dressings"
option-name,"Lemon Basil Vinaigrette (Vegan)*","Lemon Basil Vinaigrette (Vegan)","lemon basil vinaigrette (vegan)","Lemon Basil Vinaigrette (Vegan)s","lemon basil vinaigrette (vegan)s","Lemon Basil Vinaigrette","lemon basil vinaigrette","Lemon Basil Vinaigrettes","lemon basil vinaigrettes"
option-name,"Red Wine Vinaigrette (Vegan)*","Red Wine Vinaigrette (Vegan)","red wine vinaigrette (vegan)","Red Wine Vinaigrette (Vegan)s","red wine vinaigrette (vegan)s","Red Wine Vinaigrette","red wine vinaigrette","Red Wine Vinaigrettes","red wine vinaigrettes"
option-name,"Fat-Free Sun-Dried Tomato Dressing (Vegan)*","Fat-Free Sun-Dried Tomato Dressing (Vegan)","fat-free sun-dried tomato dressing (vegan)","Fat-Free Sun-Dried Tomato Dressing (Vegan)s","fat-free sun-dried tomato dressing (vegan)s","Fat-Free Sun-Dried Tomato Dressing","fat-free sun-dried tomato dressing","Fat-Free Sun-Dried Tomato Dressings","fat-free sun-dried tomato dressings","Fat","fat"
option-name,"Balsamic Shallot Vinaigrette (Vegetarian)*","Balsamic Shallot Vinaigrette (Vegetarian)","balsamic shallot vinaigrette (vegetarian)","Balsamic Shallot Vinaigrette (Vegetarian)s","balsamic shallot vinaigrette (vegetarian)s","Balsamic Shallot Vinaigrette","balsamic shallot vinaigrette","Balsamic Shallot Vinaigrettes","balsamic shallot vinaigrettes"
option-name,"Sliced Chicken Breast   ($5.95)*","Sliced Chicken Breast   ($5.95)","sliced chicken breast   ($5.95)","Sliced Chicken Breast   ($5.95)s","sliced chicken breast   ($5.95)s","Sliced Chicken Breast","sliced chicken breast","Sliced Chicken Breasts","sliced chicken breasts"
option-name,"Can   ($1.25)*","Can   ($1.25)","can   ($1.25)","Can   ($1.25)s","can   ($1.25)s","Can","can"
option-name,"Sliced Chicken Breast   ($3.95)*","Sliced Chicken Breast   ($3.95)","sliced chicken breast   ($3.95)","Sliced Chicken Breast   ($3.95)s","sliced chicken breast   ($3.95)s","Sliced Chicken Breast","sliced chicken breast","Sliced Chicken Breasts","sliced chicken breasts"
option-name,"Light Crust*","Light Crust","light crust","Light Crusts","light crusts"
option-name,"Complimentary Fresh Garlic*","Complimentary Fresh Garlic","complimentary fresh garlic","Complimentary Fresh Garlics","complimentary fresh garlics"
option-name,"Complimentary Daiya Vegan Cheese*","Complimentary Daiya Vegan Cheese","complimentary daiya vegan cheese","Complimentary Daiya Vegan Cheeses","complimentary daiya vegan cheeses"
option-name,"Anchovies   ($1.30)*","Anchovies   ($1.30)","anchovies   ($1.30)","Anchovies   ($1.30)s","anchovies   ($1.30)s","Anchovies","anchovies","Anchovie","anchovie"
option-name,"Baby Heirloom Tomatoes   ($1.30)*","Baby Heirloom Tomatoes   ($1.30)","baby heirloom tomatoes   ($1.30)","Baby Heirloom Tomatoes   ($1.30)s","baby heirloom tomatoes   ($1.30)s","Baby Heirloom Tomatoes","baby heirloom tomatoes","Baby Heirloom Tomatoe","baby heirloom tomatoe"
option-name,"Baby Spinach   ($1.30)*","Baby Spinach   ($1.30)","baby spinach   ($1.30)","Baby Spinach   ($1.30)s","baby spinach   ($1.30)s","Baby Spinach","baby spinach","Baby Spinachs","baby spinachs"
option-name,"Bacon   ($1.30)*","Bacon   ($1.30)","bacon   ($1.30)","Bacon   ($1.30)s","bacon   ($1.30)s","Bacon","bacon","Bacons","bacons"
option-name,"Beef Meatballs   ($1.30)*","Beef Meatballs   ($1.30)","beef meatballs   ($1.30)","Beef Meatballs   ($1.30)s","beef meatballs   ($1.30)s","Beef Meatballs","beef meatballs","Beef Meatball","beef meatball"
option-name,"Black Olives   ($1.30)*","Black Olives   ($1.30)","black olives   ($1.30)","Black Olives   ($1.30)s","black olives   ($1.30)s","Black Olives","black olives","Black Olive","black olive"
option-name,"Broccoli   ($1.30)*","Broccoli   ($1.30)","broccoli   ($1.30)","Broccoli   ($1.30)s","broccoli   ($1.30)s","Broccoli","broccoli","Broccolis","broccolis"
option-name,"Caramelized Onions   ($1.30)*","Caramelized Onions   ($1.30)","caramelized onions   ($1.30)","Caramelized Onions   ($1.30)s","caramelized onions   ($1.30)s","Caramelized Onions","caramelized onions","Caramelized Onion","caramelized onion"
option-name,"Crumbled Feta Cheese   ($1.30)*","Crumbled Feta Cheese   ($1.30)","crumbled feta cheese   ($1.30)","Crumbled Feta Cheese   ($1.30)s","crumbled feta cheese   ($1.30)s","Crumbled Feta Cheese","crumbled feta cheese","Crumbled Feta Cheeses","crumbled feta cheeses"
option-name,"Extra Mozzarella Cheese   ($1.30)*","Extra Mozzarella Cheese   ($1.30)","extra mozzarella cheese   ($1.30)","Extra Mozzarella Cheese   ($1.30)s","extra mozzarella cheese   ($1.30)s","Extra Mozzarella Cheese","extra mozzarella cheese","Extra Mozzarella Cheeses","extra mozzarella cheeses"
option-name,"Fresh Basil   ($1.30)*","Fresh Basil   ($1.30)","fresh basil   ($1.30)","Fresh Basil   ($1.30)s","fresh basil   ($1.30)s","Fresh Basil","fresh basil","Fresh Basils","fresh basils"
option-name,"Green Onions   ($1.30)*","Green Onions   ($1.30)","green onions   ($1.30)","Green Onions   ($1.30)s","green onions   ($1.30)s","Green Onions","green onions","Green Onion","green onion"
option-name,"Honey-Cured Ham   ($1.30)*","Honey-Cured Ham   ($1.30)","honey-cured ham   ($1.30)","Honey-Cured Ham   ($1.30)s","honey-cured ham   ($1.30)s","Honey-Cured Ham","honey-cured ham","Honey-Cured Hams","honey-cured hams","Honey","honey","Honeys","honeys"
option-name,"Mild Italian Sausage   ($1.30)*","Mild Italian Sausage   ($1.30)","mild italian sausage   ($1.30)","Mild Italian Sausage   ($1.30)s","mild italian sausage   ($1.30)s","Mild Italian Sausage","mild italian sausage","Mild Italian Sausages","mild italian sausages"
option-name,"Hot Italian Sausage   ($1.30)*","Hot Italian Sausage   ($1.30)","hot italian sausage   ($1.30)","Hot Italian Sausage   ($1.30)s","hot italian sausage   ($1.30)s","Hot Italian Sausage","hot italian sausage","Hot Italian Sausages","hot italian sausages"
option-name,"Jalapeños   ($1.30)*","Jalapeños   ($1.30)","jalapeños   ($1.30)","Jalapeños   ($1.30)s","jalapeños   ($1.30)s","Jalapeños","jalapeños","Jalapeño","jalapeño"
option-name,"Pepperoni   ($1.30)*","Pepperoni   ($1.30)","pepperoni   ($1.30)","Pepperoni   ($1.30)s","pepperoni   ($1.30)s","Pepperoni","pepperoni","Pepperonis","pepperonis"
option-name,"Pine Nuts   ($1.30)*","Pine Nuts   ($1.30)","pine nuts   ($1.30)","Pine Nuts   ($1.30)s","pine nuts   ($1.30)s","Pine Nuts","pine nuts","Pine Nut","pine nut"
option-name,"Pineapple   ($1.30)*","Pineapple   ($1.30)","pineapple   ($1.30)","Pineapple   ($1.30)s","pineapple   ($1.30)s","Pineapple","pineapple","Pineapples","pineapples"
option-name,"Provolone Cheese   ($1.30)*","Provolone Cheese   ($1.30)","provolone cheese   ($1.30)","Provolone Cheese   ($1.30)s","provolone cheese   ($1.30)s","Provolone Cheese","provolone cheese","Provolone Cheeses","provolone cheeses"
option-name,"Red Onions   ($1.30)*","Red Onions   ($1.30)","red onions   ($1.30)","Red Onions   ($1.30)s","red onions   ($1.30)s","Red Onions","red onions","Red Onion","red onion"
option-name,"Roasted Green Peppers   ($1.30)*","Roasted Green Peppers   ($1.30)","roasted green peppers   ($1.30)","Roasted Green Peppers   ($1.30)s","roasted green peppers   ($1.30)s","Roasted Green Peppers","roasted green peppers","Roasted Green Pepper","roasted green pepper"
option-name,"Roasted Yukon Gold Potatoes   ($1.30)*","Roasted Yukon Gold Potatoes   ($1.30)","roasted yukon gold potatoes   ($1.30)","Roasted Yukon Gold Potatoes   ($1.30)s","roasted yukon gold potatoes   ($1.30)s","Roasted Yukon Gold Potatoes","roasted yukon gold potatoes","Roasted Yukon Gold Potatoe","roasted yukon gold potatoe"
option-name,"Salami   ($1.30)*","Salami   ($1.30)","salami   ($1.30)","Salami   ($1.30)s","salami   ($1.30)s","Salami","salami","Salamis","salamis"
option-name,"Sauteed Kale   ($1.30)*","Sauteed Kale   ($1.30)","sauteed kale   ($1.30)","Sauteed Kale   ($1.30)s","sauteed kale   ($1.30)s","Sauteed Kale","sauteed kale","Sauteed Kales","sauteed kales"
option-name,"Sautéed Mushrooms   ($1.30)*","Sautéed Mushrooms   ($1.30)","sautéed mushrooms   ($1.30)","Sautéed Mushrooms   ($1.30)s","sautéed mushrooms   ($1.30)s","Sautéed Mushrooms","sautéed mushrooms","Sautéed Mushroom","sautéed mushroom"
option-name,"Scarlet Royal Grapes   ($1.30)*","Scarlet Royal Grapes   ($1.30)","scarlet royal grapes   ($1.30)","Scarlet Royal Grapes   ($1.30)s","scarlet royal grapes   ($1.30)s","Scarlet Royal Grapes","scarlet royal grapes","Scarlet Royal Grape","scarlet royal grape"
option-name,"Slow-Roasted Garlic   ($1.30)*","Slow-Roasted Garlic   ($1.30)","slow-roasted garlic   ($1.30)","Slow-Roasted Garlic   ($1.30)s","slow-roasted garlic   ($1.30)s","Slow-Roasted Garlic","slow-roasted garlic","Slow-Roasted Garlics","slow-roasted garlics","Slow","slow","Slows","slows"
option-name,"Tomatoes   ($1.30)*","Tomatoes   ($1.30)","tomatoes   ($1.30)","Tomatoes   ($1.30)s","tomatoes   ($1.30)s","Tomatoes","tomatoes","Tomatoe","tomatoe"
option-name,"Wild Baby Arugula   ($1.30)*","Wild Baby Arugula   ($1.30)","wild baby arugula   ($1.30)","Wild Baby Arugula   ($1.30)s","wild baby arugula   ($1.30)s","Wild Baby Arugula","wild baby arugula","Wild Baby Arugulas","wild baby arugulas"
option-name,"Artichoke Hearts   ($2.60)*","Artichoke Hearts   ($2.60)","artichoke hearts   ($2.60)","Artichoke Hearts   ($2.60)s","artichoke hearts   ($2.60)s","Artichoke Hearts","artichoke hearts","Artichoke Heart","artichoke heart"
option-name,"Goat Cheese   ($2.60)*","Goat Cheese   ($2.60)","goat cheese   ($2.60)","Goat Cheese   ($2.60)s","goat cheese   ($2.60)s","Goat Cheese","goat cheese","Goat Cheeses","goat cheeses"
option-name,"Green Olives   ($2.60)*","Green Olives   ($2.60)","green olives   ($2.60)","Green Olives   ($2.60)s","green olives   ($2.60)s","Green Olives","green olives","Green Olive","green olive"
option-name,"Pancetta (Italian Bacon)   ($2.60)*","Pancetta (Italian Bacon)   ($2.60)","pancetta (italian bacon)   ($2.60)","Pancetta (Italian Bacon)   ($2.60)s","pancetta (italian bacon)   ($2.60)s","Pancetta","pancetta","Pancettas","pancettas"
option-name,"Pesto Sauce   ($2.60)*","Pesto Sauce   ($2.60)","pesto sauce   ($2.60)","Pesto Sauce   ($2.60)s","pesto sauce   ($2.60)s","Pesto Sauce","pesto sauce","Pesto Sauces","pesto sauces"
option-name,"Roasted Red Peppers   ($2.60)*","Roasted Red Peppers   ($2.60)","roasted red peppers   ($2.60)","Roasted Red Peppers   ($2.60)s","roasted red peppers   ($2.60)s","Roasted Red Peppers","roasted red peppers","Roasted Red Pepper","roasted red pepper"
option-name,"Sliced Chicken Breast   ($2.60)*","Sliced Chicken Breast   ($2.60)","sliced chicken breast   ($2.60)","Sliced Chicken Breast   ($2.60)s","sliced chicken breast   ($2.60)s","Sliced Chicken Breast","sliced chicken breast","Sliced Chicken Breasts","sliced chicken breasts"
option-name,"Sun-Dried Tomatoes   ($2.60)*","Sun-Dried Tomatoes   ($2.60)","sun-dried tomatoes   ($2.60)","Sun-Dried Tomatoes   ($2.60)s","sun-dried tomatoes   ($2.60)s","Sun-Dried Tomatoes","sun-dried tomatoes","Sun-Dried Tomatoe","sun-dried tomatoe","Sun","sun"
option-name,"Tuna   ($2.60)*","Tuna   ($2.60)","tuna   ($2.60)","Tuna   ($2.60)s","tuna   ($2.60)s","Tuna","tuna","Tunas","tunas"
option-name,"Clams & Garlic   ($3.90)*","Clams & Garlic   ($3.90)","clams & garlic   ($3.90)","Clams & Garlic   ($3.90)s","clams & garlic   ($3.90)s","Clams & Garlic","clams & garlic","Clams & Garlics","clams & garlics","Clams","clams","Clam","clam"
option-name,"Fried Eggplant   ($3.90)*","Fried Eggplant   ($3.90)","fried eggplant   ($3.90)","Fried Eggplant   ($3.90)s","fried eggplant   ($3.90)s","Fried Eggplant","fried eggplant","Fried Eggplants","fried eggplants"
option-name,"No Tomato Sauce*","No Tomato Sauce","no tomato sauce","No Tomato Sauces","no tomato sauces"
option-name,"Mild Italian Sausage*","Mild Italian Sausage","mild italian sausage","Mild Italian Sausages","mild italian sausages"
option-name,"Hot Italian Sausage*","Hot Italian Sausage","hot italian sausage","Hot Italian Sausages","hot italian sausages"
option-name,"Green Olives*","Green Olives","green olives","Green Olive","green olive"
option-name,"Anchovies   ($1.60)*","Anchovies   ($1.60)","anchovies   ($1.60)","Anchovies   ($1.60)s","anchovies   ($1.60)s","Anchovies","anchovies","Anchovie","anchovie"
option-name,"Baby Heirloom Tomatoes   ($1.60)*","Baby Heirloom Tomatoes   ($1.60)","baby heirloom tomatoes   ($1.60)","Baby Heirloom Tomatoes   ($1.60)s","baby heirloom tomatoes   ($1.60)s","Baby Heirloom Tomatoes","baby heirloom tomatoes","Baby Heirloom Tomatoe","baby heirloom tomatoe"
option-name,"Baby Spinach   ($1.60)*","Baby Spinach   ($1.60)","baby spinach   ($1.60)","Baby Spinach   ($1.60)s","baby spinach   ($1.60)s","Baby Spinach","baby spinach","Baby Spinachs","baby spinachs"
option-name,"Bacon   ($1.60)*","Bacon   ($1.60)","bacon   ($1.60)","Bacon   ($1.60)s","bacon   ($1.60)s","Bacon","bacon","Bacons","bacons"
option-name,"Beef Meatballs   ($1.60)*","Beef Meatballs   ($1.60)","beef meatballs   ($1.60)","Beef Meatballs   ($1.60)s","beef meatballs   ($1.60)s","Beef Meatballs","beef meatballs","Beef Meatball","beef meatball"
option-name,"Black Olives   ($1.60)*","Black Olives   ($1.60)","black olives   ($1.60)","Black Olives   ($1.60)s","black olives   ($1.60)s","Black Olives","black olives","Black Olive","black olive"
option-name,"Broccoli   ($1.60)*","Broccoli   ($1.60)","broccoli   ($1.60)","Broccoli   ($1.60)s","broccoli   ($1.60)s","Broccoli","broccoli","Broccolis","broccolis"
option-name,"Caramelized Onions   ($1.60)*","Caramelized Onions   ($1.60)","caramelized onions   ($1.60)","Caramelized Onions   ($1.60)s","caramelized onions   ($1.60)s","Caramelized Onions","caramelized onions","Caramelized Onion","caramelized onion"
option-name,"Crumbled Feta Cheese   ($1.60)*","Crumbled Feta Cheese   ($1.60)","crumbled feta cheese   ($1.60)","Crumbled Feta Cheese   ($1.60)s","crumbled feta cheese   ($1.60)s","Crumbled Feta Cheese","crumbled feta cheese","Crumbled Feta Cheeses","crumbled feta cheeses"
option-name,"Tomatoes   ($1.60)*","Tomatoes   ($1.60)","tomatoes   ($1.60)","Tomatoes   ($1.60)s","tomatoes   ($1.60)s","Tomatoes","tomatoes","Tomatoe","tomatoe"
option-name,"Fresh Basil   ($1.60)*","Fresh Basil   ($1.60)","fresh basil   ($1.60)","Fresh Basil   ($1.60)s","fresh basil   ($1.60)s","Fresh Basil","fresh basil","Fresh Basils","fresh basils"
option-name,"Green Onions   ($1.60)*","Green Onions   ($1.60)","green onions   ($1.60)","Green Onions   ($1.60)s","green onions   ($1.60)s","Green Onions","green onions","Green Onion","green onion"
option-name,"Honey-Cured Ham   ($1.60)*","Honey-Cured Ham   ($1.60)","honey-cured ham   ($1.60)","Honey-Cured Ham   ($1.60)s","honey-cured ham   ($1.60)s","Honey-Cured Ham","honey-cured ham","Honey-Cured Hams","honey-cured hams","Honey","honey","Honeys","honeys"
option-name,"Hot Italian Sausage   ($1.60)*","Hot Italian Sausage   ($1.60)","hot italian sausage   ($1.60)","Hot Italian Sausage   ($1.60)s","hot italian sausage   ($1.60)s","Hot Italian Sausage","hot italian sausage","Hot Italian Sausages","hot italian sausages"
option-name,"Jalapeños   ($1.60)*","Jalapeños   ($1.60)","jalapeños   ($1.60)","Jalapeños   ($1.60)s","jalapeños   ($1.60)s","Jalapeños","jalapeños","Jalapeño","jalapeño"
option-name,"Extra Mozzarella Cheese   ($1.60)*","Extra Mozzarella Cheese   ($1.60)","extra mozzarella cheese   ($1.60)","Extra Mozzarella Cheese   ($1.60)s","extra mozzarella cheese   ($1.60)s","Extra Mozzarella Cheese","extra mozzarella cheese","Extra Mozzarella Cheeses","extra mozzarella cheeses"
option-name,"Pepperoni   ($1.60)*","Pepperoni   ($1.60)","pepperoni   ($1.60)","Pepperoni   ($1.60)s","pepperoni   ($1.60)s","Pepperoni","pepperoni","Pepperonis","pepperonis"
option-name,"Pine Nuts   ($1.60)*","Pine Nuts   ($1.60)","pine nuts   ($1.60)","Pine Nuts   ($1.60)s","pine nuts   ($1.60)s","Pine Nuts","pine nuts","Pine Nut","pine nut"
option-name,"Pineapple   ($1.60)*","Pineapple   ($1.60)","pineapple   ($1.60)","Pineapple   ($1.60)s","pineapple   ($1.60)s","Pineapple","pineapple","Pineapples","pineapples"
option-name,"Provolone Cheese   ($1.60)*","Provolone Cheese   ($1.60)","provolone cheese   ($1.60)","Provolone Cheese   ($1.60)s","provolone cheese   ($1.60)s","Provolone Cheese","provolone cheese","Provolone Cheeses","provolone cheeses"
option-name,"Red Onions   ($1.60)*","Red Onions   ($1.60)","red onions   ($1.60)","Red Onions   ($1.60)s","red onions   ($1.60)s","Red Onions","red onions","Red Onion","red onion"
option-name,"Roasted Green Peppers   ($1.60)*","Roasted Green Peppers   ($1.60)","roasted green peppers   ($1.60)","Roasted Green Peppers   ($1.60)s","roasted green peppers   ($1.60)s","Roasted Green Peppers","roasted green peppers","Roasted Green Pepper","roasted green pepper"
option-name,"Roasted Yukon Gold Potatoes   ($1.60)*","Roasted Yukon Gold Potatoes   ($1.60)","roasted yukon gold potatoes   ($1.60)","Roasted Yukon Gold Potatoes   ($1.60)s","roasted yukon gold potatoes   ($1.60)s","Roasted Yukon Gold Potatoes","roasted yukon gold potatoes","Roasted Yukon Gold Potatoe","roasted yukon gold potatoe"
option-name,"Salami   ($1.60)*","Salami   ($1.60)","salami   ($1.60)","Salami   ($1.60)s","salami   ($1.60)s","Salami","salami","Salamis","salamis"
option-name,"Sauteed Kale   ($1.60)*","Sauteed Kale   ($1.60)","sauteed kale   ($1.60)","Sauteed Kale   ($1.60)s","sauteed kale   ($1.60)s","Sauteed Kale","sauteed kale","Sauteed Kales","sauteed kales"
option-name,"Sautéed Mushrooms   ($1.60)*","Sautéed Mushrooms   ($1.60)","sautéed mushrooms   ($1.60)","Sautéed Mushrooms   ($1.60)s","sautéed mushrooms   ($1.60)s","Sautéed Mushrooms","sautéed mushrooms","Sautéed Mushroom","sautéed mushroom"
option-name,"Scarlet Royal Grapes   ($1.60)*","Scarlet Royal Grapes   ($1.60)","scarlet royal grapes   ($1.60)","Scarlet Royal Grapes   ($1.60)s","scarlet royal grapes   ($1.60)s","Scarlet Royal Grapes","scarlet royal grapes","Scarlet Royal Grape","scarlet royal grape"
option-name,"Slow-Roasted Garlic   ($1.60)*","Slow-Roasted Garlic   ($1.60)","slow-roasted garlic   ($1.60)","Slow-Roasted Garlic   ($1.60)s","slow-roasted garlic   ($1.60)s","Slow-Roasted Garlic","slow-roasted garlic","Slow-Roasted Garlics","slow-roasted garlics","Slow","slow","Slows","slows"
option-name,"Mild Italian Sausage   ($1.60)*","Mild Italian Sausage   ($1.60)","mild italian sausage   ($1.60)","Mild Italian Sausage   ($1.60)s","mild italian sausage   ($1.60)s","Mild Italian Sausage","mild italian sausage","Mild Italian Sausages","mild italian sausages"
option-name,"Wild Baby Arugula   ($1.60)*","Wild Baby Arugula   ($1.60)","wild baby arugula   ($1.60)","Wild Baby Arugula   ($1.60)s","wild baby arugula   ($1.60)s","Wild Baby Arugula","wild baby arugula","Wild Baby Arugulas","wild baby arugulas"
option-name,"Artichoke Hearts   ($3.20)*","Artichoke Hearts   ($3.20)","artichoke hearts   ($3.20)","Artichoke Hearts   ($3.20)s","artichoke hearts   ($3.20)s","Artichoke Hearts","artichoke hearts","Artichoke Heart","artichoke heart"
option-name,"Goat Cheese   ($3.20)*","Goat Cheese   ($3.20)","goat cheese   ($3.20)","Goat Cheese   ($3.20)s","goat cheese   ($3.20)s","Goat Cheese","goat cheese","Goat Cheeses","goat cheeses"
option-name,"Green Olives   ($3.20)*","Green Olives   ($3.20)","green olives   ($3.20)","Green Olives   ($3.20)s","green olives   ($3.20)s","Green Olives","green olives","Green Olive","green olive"
option-name,"Pancetta (Italian Bacon)   ($3.20)*","Pancetta (Italian Bacon)   ($3.20)","pancetta (italian bacon)   ($3.20)","Pancetta (Italian Bacon)   ($3.20)s","pancetta (italian bacon)   ($3.20)s","Pancetta","pancetta","Pancettas","pancettas"
option-name,"Roasted Red Peppers   ($3.20)*","Roasted Red Peppers   ($3.20)","roasted red peppers   ($3.20)","Roasted Red Peppers   ($3.20)s","roasted red peppers   ($3.20)s","Roasted Red Peppers","roasted red peppers","Roasted Red Pepper","roasted red pepper"
option-name,"Pesto Sauce   ($3.20)*","Pesto Sauce   ($3.20)","pesto sauce   ($3.20)","Pesto Sauce   ($3.20)s","pesto sauce   ($3.20)s","Pesto Sauce","pesto sauce","Pesto Sauces","pesto sauces"
option-name,"Sliced Chicken Breast   ($3.20)*","Sliced Chicken Breast   ($3.20)","sliced chicken breast   ($3.20)","Sliced Chicken Breast   ($3.20)s","sliced chicken breast   ($3.20)s","Sliced Chicken Breast","sliced chicken breast","Sliced Chicken Breasts","sliced chicken breasts"
option-name,"Sun-Dried Tomatoes   ($3.20)*","Sun-Dried Tomatoes   ($3.20)","sun-dried tomatoes   ($3.20)","Sun-Dried Tomatoes   ($3.20)s","sun-dried tomatoes   ($3.20)s","Sun-Dried Tomatoes","sun-dried tomatoes","Sun-Dried Tomatoe","sun-dried tomatoe","Sun","sun"
option-name,"Clams & Garlic   ($4.80)*","Clams & Garlic   ($4.80)","clams & garlic   ($4.80)","Clams & Garlic   ($4.80)s","clams & garlic   ($4.80)s","Clams & Garlic","clams & garlic","Clams & Garlics","clams & garlics","Clams","clams","Clam","clam"
option-name,"Fried Eggplant   ($4.80)*","Fried Eggplant   ($4.80)","fried eggplant   ($4.80)","Fried Eggplant   ($4.80)s","fried eggplant   ($4.80)s","Fried Eggplant","fried eggplant","Fried Eggplants","fried eggplants"
option-name,"Baby Heirloom Tomatoes   ($2.00)*","Baby Heirloom Tomatoes   ($2.00)","baby heirloom tomatoes   ($2.00)","Baby Heirloom Tomatoes   ($2.00)s","baby heirloom tomatoes   ($2.00)s","Baby Heirloom Tomatoes","baby heirloom tomatoes","Baby Heirloom Tomatoe","baby heirloom tomatoe"
option-name,"Baby Spinach   ($2.00)*","Baby Spinach   ($2.00)","baby spinach   ($2.00)","Baby Spinach   ($2.00)s","baby spinach   ($2.00)s","Baby Spinach","baby spinach","Baby Spinachs","baby spinachs"
option-name,"Crumbled Feta Cheese   ($2.00)*","Crumbled Feta Cheese   ($2.00)","crumbled feta cheese   ($2.00)","Crumbled Feta Cheese   ($2.00)s","crumbled feta cheese   ($2.00)s","Crumbled Feta Cheese","crumbled feta cheese","Crumbled Feta Cheeses","crumbled feta cheeses"
option-name,"Extra Mozzarella Cheese   ($2.00)*","Extra Mozzarella Cheese   ($2.00)","extra mozzarella cheese   ($2.00)","Extra Mozzarella Cheese   ($2.00)s","extra mozzarella cheese   ($2.00)s","Extra Mozzarella Cheese","extra mozzarella cheese","Extra Mozzarella Cheeses","extra mozzarella cheeses"
option-name,"Honey-Cured Ham   ($2.00)*","Honey-Cured Ham   ($2.00)","honey-cured ham   ($2.00)","Honey-Cured Ham   ($2.00)s","honey-cured ham   ($2.00)s","Honey-Cured Ham","honey-cured ham","Honey-Cured Hams","honey-cured hams","Honey","honey","Honeys","honeys"
option-name,"Hot Italian Sausage   ($2.00)*","Hot Italian Sausage   ($2.00)","hot italian sausage   ($2.00)","Hot Italian Sausage   ($2.00)s","hot italian sausage   ($2.00)s","Hot Italian Sausage","hot italian sausage","Hot Italian Sausages","hot italian sausages"
option-name,"Mild Italian Sausage   ($2.00)*","Mild Italian Sausage   ($2.00)","mild italian sausage   ($2.00)","Mild Italian Sausage   ($2.00)s","mild italian sausage   ($2.00)s","Mild Italian Sausage","mild italian sausage","Mild Italian Sausages","mild italian sausages"
option-name,"Jalapeños   ($2.00)*","Jalapeños   ($2.00)","jalapeños   ($2.00)","Jalapeños   ($2.00)s","jalapeños   ($2.00)s","Jalapeños","jalapeños","Jalapeño","jalapeño"
option-name,"Pine Nuts   ($2.00)*","Pine Nuts   ($2.00)","pine nuts   ($2.00)","Pine Nuts   ($2.00)s","pine nuts   ($2.00)s","Pine Nuts","pine nuts","Pine Nut","pine nut"
option-name,"Provolone Cheese   ($2.00)*","Provolone Cheese   ($2.00)","provolone cheese   ($2.00)","Provolone Cheese   ($2.00)s","provolone cheese   ($2.00)s","Provolone Cheese","provolone cheese","Provolone Cheeses","provolone cheeses"
option-name,"Roasted Green Peppers   ($2.00)*","Roasted Green Peppers   ($2.00)","roasted green peppers   ($2.00)","Roasted Green Peppers   ($2.00)s","roasted green peppers   ($2.00)s","Roasted Green Peppers","roasted green peppers","Roasted Green Pepper","roasted green pepper"
option-name,"Roasted Yukon Gold Potatoes   ($2.00)*","Roasted Yukon Gold Potatoes   ($2.00)","roasted yukon gold potatoes   ($2.00)","Roasted Yukon Gold Potatoes   ($2.00)s","roasted yukon gold potatoes   ($2.00)s","Roasted Yukon Gold Potatoes","roasted yukon gold potatoes","Roasted Yukon Gold Potatoe","roasted yukon gold potatoe"
option-name,"Sauteed Kale   ($2.00)*","Sauteed Kale   ($2.00)","sauteed kale   ($2.00)","Sauteed Kale   ($2.00)s","sauteed kale   ($2.00)s","Sauteed Kale","sauteed kale","Sauteed Kales","sauteed kales"
option-name,"Sautéed Mushrooms   ($2.00)*","Sautéed Mushrooms   ($2.00)","sautéed mushrooms   ($2.00)","Sautéed Mushrooms   ($2.00)s","sautéed mushrooms   ($2.00)s","Sautéed Mushrooms","sautéed mushrooms","Sautéed Mushroom","sautéed mushroom"
option-name,"Scarlet Royal Grapes   ($2.00)*","Scarlet Royal Grapes   ($2.00)","scarlet royal grapes   ($2.00)","Scarlet Royal Grapes   ($2.00)s","scarlet royal grapes   ($2.00)s","Scarlet Royal Grapes","scarlet royal grapes","Scarlet Royal Grape","scarlet royal grape"
option-name,"Slow-Roasted Garlic   ($2.00)*","Slow-Roasted Garlic   ($2.00)","slow-roasted garlic   ($2.00)","Slow-Roasted Garlic   ($2.00)s","slow-roasted garlic   ($2.00)s","Slow-Roasted Garlic","slow-roasted garlic","Slow-Roasted Garlics","slow-roasted garlics","Slow","slow","Slows","slows"
option-name,"Wild baby Arugula   ($2.00)*","Wild baby Arugula   ($2.00)","wild baby arugula   ($2.00)","Wild baby Arugula   ($2.00)s","wild baby arugula   ($2.00)s","Wild baby Arugula","wild baby arugula","Wild baby Arugulas","wild baby arugulas"
option-name,"Artichoke Hearts   ($4.00)*","Artichoke Hearts   ($4.00)","artichoke hearts   ($4.00)","Artichoke Hearts   ($4.00)s","artichoke hearts   ($4.00)s","Artichoke Hearts","artichoke hearts","Artichoke Heart","artichoke heart"
option-name,"Goat Cheese   ($4.00)*","Goat Cheese   ($4.00)","goat cheese   ($4.00)","Goat Cheese   ($4.00)s","goat cheese   ($4.00)s","Goat Cheese","goat cheese","Goat Cheeses","goat cheeses"
option-name,"Pancetta (Italian Bacon)   ($4.00)*","Pancetta (Italian Bacon)   ($4.00)","pancetta (italian bacon)   ($4.00)","Pancetta (Italian Bacon)   ($4.00)s","pancetta (italian bacon)   ($4.00)s","Pancetta","pancetta","Pancettas","pancettas"
option-name,"Pesto Sauce   ($4.00)*","Pesto Sauce   ($4.00)","pesto sauce   ($4.00)","Pesto Sauce   ($4.00)s","pesto sauce   ($4.00)s","Pesto Sauce","pesto sauce","Pesto Sauces","pesto sauces"
option-name,"Roasted Red Peppers   ($4.00)*","Roasted Red Peppers   ($4.00)","roasted red peppers   ($4.00)","Roasted Red Peppers   ($4.00)s","roasted red peppers   ($4.00)s","Roasted Red Peppers","roasted red peppers","Roasted Red Pepper","roasted red pepper"
option-name,"Sliced Chicken Breast   ($4.00)*","Sliced Chicken Breast   ($4.00)","sliced chicken breast   ($4.00)","Sliced Chicken Breast   ($4.00)s","sliced chicken breast   ($4.00)s","Sliced Chicken Breast","sliced chicken breast","Sliced Chicken Breasts","sliced chicken breasts"
option-name,"Tuna   ($4.00)*","Tuna   ($4.00)","tuna   ($4.00)","Tuna   ($4.00)s","tuna   ($4.00)s","Tuna","tuna","Tunas","tunas"
option-name,"Clams & Garlic   ($6.00)*","Clams & Garlic   ($6.00)","clams & garlic   ($6.00)","Clams & Garlic   ($6.00)s","clams & garlic   ($6.00)s","Clams & Garlic","clams & garlic","Clams & Garlics","clams & garlics","Clams","clams","Clam","clam"
option-name,"Fried Eggplant   ($6.00)*","Fried Eggplant   ($6.00)","fried eggplant   ($6.00)","Fried Eggplant   ($6.00)s","fried eggplant   ($6.00)s","Fried Eggplant","fried eggplant","Fried Eggplants","fried eggplants"
option-name,"Anchovies   ($2.40)*","Anchovies   ($2.40)","anchovies   ($2.40)","Anchovies   ($2.40)s","anchovies   ($2.40)s","Anchovies","anchovies","Anchovie","anchovie"
option-name,"Baby Heirloom Tomatoes   ($2.40)*","Baby Heirloom Tomatoes   ($2.40)","baby heirloom tomatoes   ($2.40)","Baby Heirloom Tomatoes   ($2.40)s","baby heirloom tomatoes   ($2.40)s","Baby Heirloom Tomatoes","baby heirloom tomatoes","Baby Heirloom Tomatoe","baby heirloom tomatoe"
option-name,"Baby Spinach   ($2.40)*","Baby Spinach   ($2.40)","baby spinach   ($2.40)","Baby Spinach   ($2.40)s","baby spinach   ($2.40)s","Baby Spinach","baby spinach","Baby Spinachs","baby spinachs"
option-name,"Bacon   ($2.40)*","Bacon   ($2.40)","bacon   ($2.40)","Bacon   ($2.40)s","bacon   ($2.40)s","Bacon","bacon","Bacons","bacons"
option-name,"Beef Meatballs   ($2.40)*","Beef Meatballs   ($2.40)","beef meatballs   ($2.40)","Beef Meatballs   ($2.40)s","beef meatballs   ($2.40)s","Beef Meatballs","beef meatballs","Beef Meatball","beef meatball"
option-name,"Black Olives   ($2.40)*","Black Olives   ($2.40)","black olives   ($2.40)","Black Olives   ($2.40)s","black olives   ($2.40)s","Black Olives","black olives","Black Olive","black olive"
option-name,"Broccoli   ($2.40)*","Broccoli   ($2.40)","broccoli   ($2.40)","Broccoli   ($2.40)s","broccoli   ($2.40)s","Broccoli","broccoli","Broccolis","broccolis"
option-name,"Caramelized Onions   ($2.40)*","Caramelized Onions   ($2.40)","caramelized onions   ($2.40)","Caramelized Onions   ($2.40)s","caramelized onions   ($2.40)s","Caramelized Onions","caramelized onions","Caramelized Onion","caramelized onion"
option-name,"Crumbled Feta Cheese   ($2.40)*","Crumbled Feta Cheese   ($2.40)","crumbled feta cheese   ($2.40)","Crumbled Feta Cheese   ($2.40)s","crumbled feta cheese   ($2.40)s","Crumbled Feta Cheese","crumbled feta cheese","Crumbled Feta Cheeses","crumbled feta cheeses"
option-name,"Extra Mozzarella Cheese   ($2.40)*","Extra Mozzarella Cheese   ($2.40)","extra mozzarella cheese   ($2.40)","Extra Mozzarella Cheese   ($2.40)s","extra mozzarella cheese   ($2.40)s","Extra Mozzarella Cheese","extra mozzarella cheese","Extra Mozzarella Cheeses","extra mozzarella cheeses"
option-name,"Fresh Basil   ($2.40)*","Fresh Basil   ($2.40)","fresh basil   ($2.40)","Fresh Basil   ($2.40)s","fresh basil   ($2.40)s","Fresh Basil","fresh basil","Fresh Basils","fresh basils"
option-name,"Green Onions   ($2.40)*","Green Onions   ($2.40)","green onions   ($2.40)","Green Onions   ($2.40)s","green onions   ($2.40)s","Green Onions","green onions","Green Onion","green onion"
option-name,"Honey-Cured Ham   ($2.40)*","Honey-Cured Ham   ($2.40)","honey-cured ham   ($2.40)","Honey-Cured Ham   ($2.40)s","honey-cured ham   ($2.40)s","Honey-Cured Ham","honey-cured ham","Honey-Cured Hams","honey-cured hams","Honey","honey","Honeys","honeys"
option-name,"Hot Italian Sausage   ($2.40)*","Hot Italian Sausage   ($2.40)","hot italian sausage   ($2.40)","Hot Italian Sausage   ($2.40)s","hot italian sausage   ($2.40)s","Hot Italian Sausage","hot italian sausage","Hot Italian Sausages","hot italian sausages"
option-name,"Jalapeños   ($2.40)*","Jalapeños   ($2.40)","jalapeños   ($2.40)","Jalapeños   ($2.40)s","jalapeños   ($2.40)s","Jalapeños","jalapeños","Jalapeño","jalapeño"
option-name,"Mild Italian Sausage   ($2.40)*","Mild Italian Sausage   ($2.40)","mild italian sausage   ($2.40)","Mild Italian Sausage   ($2.40)s","mild italian sausage   ($2.40)s","Mild Italian Sausage","mild italian sausage","Mild Italian Sausages","mild italian sausages"
option-name,"Pepperoni   ($2.40)*","Pepperoni   ($2.40)","pepperoni   ($2.40)","Pepperoni   ($2.40)s","pepperoni   ($2.40)s","Pepperoni","pepperoni","Pepperonis","pepperonis"
option-name,"Pine Nuts   ($2.40)*","Pine Nuts   ($2.40)","pine nuts   ($2.40)","Pine Nuts   ($2.40)s","pine nuts   ($2.40)s","Pine Nuts","pine nuts","Pine Nut","pine nut"
option-name,"Pineapple   ($2.40)*","Pineapple   ($2.40)","pineapple   ($2.40)","Pineapple   ($2.40)s","pineapple   ($2.40)s","Pineapple","pineapple","Pineapples","pineapples"
option-name,"Provolone Cheese   ($2.40)*","Provolone Cheese   ($2.40)","provolone cheese   ($2.40)","Provolone Cheese   ($2.40)s","provolone cheese   ($2.40)s","Provolone Cheese","provolone cheese","Provolone Cheeses","provolone cheeses"
option-name,"Red Onions   ($2.40)*","Red Onions   ($2.40)","red onions   ($2.40)","Red Onions   ($2.40)s","red onions   ($2.40)s","Red Onions","red onions","Red Onion","red onion"
option-name,"Roasted Green Peppers   ($2.40)*","Roasted Green Peppers   ($2.40)","roasted green peppers   ($2.40)","Roasted Green Peppers   ($2.40)s","roasted green peppers   ($2.40)s","Roasted Green Peppers","roasted green peppers","Roasted Green Pepper","roasted green pepper"
option-name,"Roasted Yukon Gold Potatoes   ($2.40)*","Roasted Yukon Gold Potatoes   ($2.40)","roasted yukon gold potatoes   ($2.40)","Roasted Yukon Gold Potatoes   ($2.40)s","roasted yukon gold potatoes   ($2.40)s","Roasted Yukon Gold Potatoes","roasted yukon gold potatoes","Roasted Yukon Gold Potatoe","roasted yukon gold potatoe"
option-name,"Salami   ($2.40)*","Salami   ($2.40)","salami   ($2.40)","Salami   ($2.40)s","salami   ($2.40)s","Salami","salami","Salamis","salamis"
option-name,"Sauteed Kale   ($2.40)*","Sauteed Kale   ($2.40)","sauteed kale   ($2.40)","Sauteed Kale   ($2.40)s","sauteed kale   ($2.40)s","Sauteed Kale","sauteed kale","Sauteed Kales","sauteed kales"
option-name,"Sautéed Mushrooms   ($2.40)*","Sautéed Mushrooms   ($2.40)","sautéed mushrooms   ($2.40)","Sautéed Mushrooms   ($2.40)s","sautéed mushrooms   ($2.40)s","Sautéed Mushrooms","sautéed mushrooms","Sautéed Mushroom","sautéed mushroom"
option-name,"Scarlet Royal Grapes   ($2.40)*","Scarlet Royal Grapes   ($2.40)","scarlet royal grapes   ($2.40)","Scarlet Royal Grapes   ($2.40)s","scarlet royal grapes   ($2.40)s","Scarlet Royal Grapes","scarlet royal grapes","Scarlet Royal Grape","scarlet royal grape"
option-name,"Slow-Roasted Garlic   ($2.40)*","Slow-Roasted Garlic   ($2.40)","slow-roasted garlic   ($2.40)","Slow-Roasted Garlic   ($2.40)s","slow-roasted garlic   ($2.40)s","Slow-Roasted Garlic","slow-roasted garlic","Slow-Roasted Garlics","slow-roasted garlics","Slow","slow","Slows","slows"
option-name,"Tomatoes   ($2.40)*","Tomatoes   ($2.40)","tomatoes   ($2.40)","Tomatoes   ($2.40)s","tomatoes   ($2.40)s","Tomatoes","tomatoes","Tomatoe","tomatoe"
option-name,"Wild Baby Arugula   ($2.40)*","Wild Baby Arugula   ($2.40)","wild baby arugula   ($2.40)","Wild Baby Arugula   ($2.40)s","wild baby arugula   ($2.40)s","Wild Baby Arugula","wild baby arugula","Wild Baby Arugulas","wild baby arugulas"
option-name,"Artichoke Hearts   ($4.80)*","Artichoke Hearts   ($4.80)","artichoke hearts   ($4.80)","Artichoke Hearts   ($4.80)s","artichoke hearts   ($4.80)s","Artichoke Hearts","artichoke hearts","Artichoke Heart","artichoke heart"
option-name,"Goat Cheese   ($4.80)*","Goat Cheese   ($4.80)","goat cheese   ($4.80)","Goat Cheese   ($4.80)s","goat cheese   ($4.80)s","Goat Cheese","goat cheese","Goat Cheeses","goat cheeses"
option-name,"Green Olives   ($4.80)*","Green Olives   ($4.80)","green olives   ($4.80)","Green Olives   ($4.80)s","green olives   ($4.80)s","Green Olives","green olives","Green Olive","green olive"
option-name,"Pesto Sauce   ($4.80)*","Pesto Sauce   ($4.80)","pesto sauce   ($4.80)","Pesto Sauce   ($4.80)s","pesto sauce   ($4.80)s","Pesto Sauce","pesto sauce","Pesto Sauces","pesto sauces"
option-name,"Pancetta (Italian Bacon)   ($4.80)*","Pancetta (Italian Bacon)   ($4.80)","pancetta (italian bacon)   ($4.80)","Pancetta (Italian Bacon)   ($4.80)s","pancetta (italian bacon)   ($4.80)s","Pancetta","pancetta","Pancettas","pancettas"
option-name,"Roasted Red Peppers   ($4.80)*","Roasted Red Peppers   ($4.80)","roasted red peppers   ($4.80)","Roasted Red Peppers   ($4.80)s","roasted red peppers   ($4.80)s","Roasted Red Peppers","roasted red peppers","Roasted Red Pepper","roasted red pepper"
option-name,"Sliced Chicken Breast   ($4.80)*","Sliced Chicken Breast   ($4.80)","sliced chicken breast   ($4.80)","Sliced Chicken Breast   ($4.80)s","sliced chicken breast   ($4.80)s","Sliced Chicken Breast","sliced chicken breast","Sliced Chicken Breasts","sliced chicken breasts"
option-name,"Sun-Dried Tomatoes   ($4.80)*","Sun-Dried Tomatoes   ($4.80)","sun-dried tomatoes   ($4.80)","Sun-Dried Tomatoes   ($4.80)s","sun-dried tomatoes   ($4.80)s","Sun-Dried Tomatoes","sun-dried tomatoes","Sun-Dried Tomatoe","sun-dried tomatoe","Sun","sun"
option-name,"Tuna   ($4.80)*","Tuna   ($4.80)","tuna   ($4.80)","Tuna   ($4.80)s","tuna   ($4.80)s","Tuna","tuna","Tunas","tunas"
option-name,"Clams & Garlic   ($7.20)*","Clams & Garlic   ($7.20)","clams & garlic   ($7.20)","Clams & Garlic   ($7.20)s","clams & garlic   ($7.20)s","Clams & Garlic","clams & garlic","Clams & Garlics","clams & garlics","Clams","clams","Clam","clam"
option-name,"Fried Eggplant   ($7.20)*","Fried Eggplant   ($7.20)","fried eggplant   ($7.20)","Fried Eggplant   ($7.20)s","fried eggplant   ($7.20)s","Fried Eggplant","fried eggplant","Fried Eggplants","fried eggplants"
option-name,"Baby Heirloom Tomatoes   ($1.70)*","Baby Heirloom Tomatoes   ($1.70)","baby heirloom tomatoes   ($1.70)","Baby Heirloom Tomatoes   ($1.70)s","baby heirloom tomatoes   ($1.70)s","Baby Heirloom Tomatoes","baby heirloom tomatoes","Baby Heirloom Tomatoe","baby heirloom tomatoe"
option-name,"Caramelized Onions   ($1.70)*","Caramelized Onions   ($1.70)","caramelized onions   ($1.70)","Caramelized Onions   ($1.70)s","caramelized onions   ($1.70)s","Caramelized Onions","caramelized onions","Caramelized Onion","caramelized onion"
option-name,"Crumbled Feta   ($1.70)*","Crumbled Feta   ($1.70)","crumbled feta   ($1.70)","Crumbled Feta   ($1.70)s","crumbled feta   ($1.70)s","Crumbled Feta","crumbled feta","Crumbled Fetas","crumbled fetas"
option-name,"Extra Mozzarella   ($1.70)*","Extra Mozzarella   ($1.70)","extra mozzarella   ($1.70)","Extra Mozzarella   ($1.70)s","extra mozzarella   ($1.70)s","Extra Mozzarella","extra mozzarella","Extra Mozzarellas","extra mozzarellas"
option-name,"Honey-Cured Ham   ($1.70)*","Honey-Cured Ham   ($1.70)","honey-cured ham   ($1.70)","Honey-Cured Ham   ($1.70)s","honey-cured ham   ($1.70)s","Honey-Cured Ham","honey-cured ham","Honey-Cured Hams","honey-cured hams","Honey","honey","Honeys","honeys"
option-name,"Housemade Mild Italian Sausage   ($1.70)*","Housemade Mild Italian Sausage   ($1.70)","housemade mild italian sausage   ($1.70)","Housemade Mild Italian Sausage   ($1.70)s","housemade mild italian sausage   ($1.70)s","Housemade Mild Italian Sausage","housemade mild italian sausage","Housemade Mild Italian Sausages","housemade mild italian sausages"
option-name,"Housemade Hot Italian Sausage   ($1.70)*","Housemade Hot Italian Sausage   ($1.70)","housemade hot italian sausage   ($1.70)","Housemade Hot Italian Sausage   ($1.70)s","housemade hot italian sausage   ($1.70)s","Housemade Hot Italian Sausage","housemade hot italian sausage","Housemade Hot Italian Sausages","housemade hot italian sausages"
option-name,"Provolone Cheese   ($1.70)*","Provolone Cheese   ($1.70)","provolone cheese   ($1.70)","Provolone Cheese   ($1.70)s","provolone cheese   ($1.70)s","Provolone Cheese","provolone cheese","Provolone Cheeses","provolone cheeses"
option-name,"Roasted Green Peppers   ($1.70)*","Roasted Green Peppers   ($1.70)","roasted green peppers   ($1.70)","Roasted Green Peppers   ($1.70)s","roasted green peppers   ($1.70)s","Roasted Green Peppers","roasted green peppers","Roasted Green Pepper","roasted green pepper"
option-name,"Roasted Yukon Gold Potatoes   ($1.70)*","Roasted Yukon Gold Potatoes   ($1.70)","roasted yukon gold potatoes   ($1.70)","Roasted Yukon Gold Potatoes   ($1.70)s","roasted yukon gold potatoes   ($1.70)s","Roasted Yukon Gold Potatoes","roasted yukon gold potatoes","Roasted Yukon Gold Potatoe","roasted yukon gold potatoe"
option-name,"Sauteed Kale   ($1.70)*","Sauteed Kale   ($1.70)","sauteed kale   ($1.70)","Sauteed Kale   ($1.70)s","sauteed kale   ($1.70)s","Sauteed Kale","sauteed kale","Sauteed Kales","sauteed kales"
option-name,"Sauteed Mushrooms   ($1.70)*","Sauteed Mushrooms   ($1.70)","sauteed mushrooms   ($1.70)","Sauteed Mushrooms   ($1.70)s","sauteed mushrooms   ($1.70)s","Sauteed Mushrooms","sauteed mushrooms","Sauteed Mushroom","sauteed mushroom"
option-name,"Scarlet Royal Grapes   ($1.70)*","Scarlet Royal Grapes   ($1.70)","scarlet royal grapes   ($1.70)","Scarlet Royal Grapes   ($1.70)s","scarlet royal grapes   ($1.70)s","Scarlet Royal Grapes","scarlet royal grapes","Scarlet Royal Grape","scarlet royal grape"
option-name,"Slow Roasted Garlic   ($1.70)*","Slow Roasted Garlic   ($1.70)","slow roasted garlic   ($1.70)","Slow Roasted Garlic   ($1.70)s","slow roasted garlic   ($1.70)s","Slow Roasted Garlic","slow roasted garlic","Slow Roasted Garlics","slow roasted garlics"
option-name,"Wild Baby Arugula   ($1.70)*","Wild Baby Arugula   ($1.70)","wild baby arugula   ($1.70)","Wild Baby Arugula   ($1.70)s","wild baby arugula   ($1.70)s","Wild Baby Arugula","wild baby arugula","Wild Baby Arugulas","wild baby arugulas"
option-name,"Artichoke Hearts   ($3.40)*","Artichoke Hearts   ($3.40)","artichoke hearts   ($3.40)","Artichoke Hearts   ($3.40)s","artichoke hearts   ($3.40)s","Artichoke Hearts","artichoke hearts","Artichoke Heart","artichoke heart"
option-name,"Goat Cheese   ($3.40)*","Goat Cheese   ($3.40)","goat cheese   ($3.40)","Goat Cheese   ($3.40)s","goat cheese   ($3.40)s","Goat Cheese","goat cheese","Goat Cheeses","goat cheeses"
option-name,"Green Olives   ($3.40)*","Green Olives   ($3.40)","green olives   ($3.40)","Green Olives   ($3.40)s","green olives   ($3.40)s","Green Olives","green olives","Green Olive","green olive"
option-name,"Pancetta   ($3.40)*","Pancetta   ($3.40)","pancetta   ($3.40)","Pancetta   ($3.40)s","pancetta   ($3.40)s","Pancetta","pancetta","Pancettas","pancettas"
option-name,"Reasted Red Peppers   ($3.40)*","Reasted Red Peppers   ($3.40)","reasted red peppers   ($3.40)","Reasted Red Peppers   ($3.40)s","reasted red peppers   ($3.40)s","Reasted Red Peppers","reasted red peppers","Reasted Red Pepper","reasted red pepper"
option-name,"Sliced Chicken Breast   ($3.40)*","Sliced Chicken Breast   ($3.40)","sliced chicken breast   ($3.40)","Sliced Chicken Breast   ($3.40)s","sliced chicken breast   ($3.40)s","Sliced Chicken Breast","sliced chicken breast","Sliced Chicken Breasts","sliced chicken breasts"
option-name,"Clam and Garlic   ($5.10)*","Clam and Garlic   ($5.10)","clam and garlic   ($5.10)","Clam and Garlic   ($5.10)s","clam and garlic   ($5.10)s","Clam and Garlic","clam and garlic","Clam and Garlics","clam and garlics"
option-name,"Whole Wheat Spaghetti *","Whole Wheat Spaghetti ","whole wheat spaghetti ","Whole Wheat Spaghetti s","whole wheat spaghetti s","Whole Wheat Spaghetti","whole wheat spaghetti","Whole Wheat Spaghettis","whole wheat spaghettis"
option-name,"Penne*","Penne","penne","Pennes","pennes"
option-name,"Linguine*","Linguine","linguine","Linguines","linguines"
option-name,"Whole Egg Fettuccine *","Whole Egg Fettuccine ","whole egg fettuccine ","Whole Egg Fettuccine s","whole egg fettuccine s","Whole Egg Fettuccine","whole egg fettuccine","Whole Egg Fettuccines","whole egg fettuccines"
option-name,"Side of Home-Made Beef Meatballs    ($4.50)*","Side of Home-Made Beef Meatballs    ($4.50)","side of home-made beef meatballs    ($4.50)","Side of Home-Made Beef Meatballs    ($4.50)s","side of home-made beef meatballs    ($4.50)s","Side of Home-Made Beef Meatballs","side of home-made beef meatballs","Side of Home-Made Beef Meatball","side of home-made beef meatball","Side of Home","side of home","Side of Homes","side of homes"
option-name,"Side of Grilled Hot Italian Sausage   ($4.50)*","Side of Grilled Hot Italian Sausage   ($4.50)","side of grilled hot italian sausage   ($4.50)","Side of Grilled Hot Italian Sausage   ($4.50)s","side of grilled hot italian sausage   ($4.50)s","Side of Grilled Hot Italian Sausage","side of grilled hot italian sausage","Side of Grilled Hot Italian Sausages","side of grilled hot italian sausages"
option-name,"Red Clam Sauce*","Red Clam Sauce","red clam sauce","Red Clam Sauces","red clam sauces"
option-name,"White Clam Sauce*","White Clam Sauce","white clam sauce","White Clam Sauces","white clam sauces"
option-name,"Add Small Side of Linguine Marinara   ($3.50)*","Add Small Side of Linguine Marinara   ($3.50)","add small side of linguine marinara   ($3.50)","Add Small Side of Linguine Marinara   ($3.50)s","add small side of linguine marinara   ($3.50)s","Add Small Side of Linguine Marinara","add small side of linguine marinara","Add Small Side of Linguine Marinaras","add small side of linguine marinaras"
option-name,"Sliced Chicken Breast   ($4.95)*","Sliced Chicken Breast   ($4.95)","sliced chicken breast   ($4.95)","Sliced Chicken Breast   ($4.95)s","sliced chicken breast   ($4.95)s","Sliced Chicken Breast","sliced chicken breast","Sliced Chicken Breasts","sliced chicken breasts"
option-name,"Sliced Chicken Breast   ($7.95)*","Sliced Chicken Breast   ($7.95)","sliced chicken breast   ($7.95)","Sliced Chicken Breast   ($7.95)s","sliced chicken breast   ($7.95)s","Sliced Chicken Breast","sliced chicken breast","Sliced Chicken Breasts","sliced chicken breasts"
option-name,"12 oz.   ($1.25)*","12 oz.   ($1.25)","12 oz.   ($1.25)s","12 oz.","12 oz.s"
option-name,"6 Pack   ($7.50)*","6 Pack   ($7.50)","6 pack   ($7.50)","6 Pack   ($7.50)s","6 pack   ($7.50)s","6 Pack","6 pack","6 Packs","6 packs"
option-name,"Tuna Sashimi*","Tuna Sashimi","tuna sashimi","Tuna Sashimis","tuna sashimis"
option-name,"Salmon Sashimi*","Salmon Sashimi","salmon sashimi","Salmon Sashimis","salmon sashimis"
option-name,"Albacore Sashimi*","Albacore Sashimi","albacore sashimi","Albacore Sashimis","albacore sashimis"
option-name,"Saba Sioyaki*","Saba Sioyaki","saba sioyaki","Saba Sioyakis","saba sioyakis"
option-name,"Goyza*","Goyza","goyza","Goyzas","goyzas"
option-name,"Tonkastu*","Tonkastu","tonkastu","Tonkastus","tonkastus"
option-name,"California Roll*","California Roll","california roll","California Rolls","california rolls"
option-name,"Cooked Salmon Roll*","Cooked Salmon Roll","cooked salmon roll","Cooked Salmon Rolls","cooked salmon rolls"
option-name,"Kappa Roll*","Kappa Roll","kappa roll","Kappa Rolls","kappa rolls"
option-name,"Avocado Roll*","Avocado Roll","avocado roll","Avocado Rolls","avocado rolls"
option-name,"Tempura   ($2.00)*","Tempura   ($2.00)","tempura   ($2.00)","Tempura   ($2.00)s","tempura   ($2.00)s","Tempura","tempura","Tempuras","tempuras"
option-name,"Gyoza*","Gyoza","gyoza","Gyozas","gyozas"
option-name,"3 Piece Sashimi*","3 Piece Sashimi","3 piece sashimi","3 Piece Sashimis","3 piece sashimis"
option-name,"Soba*","Soba","soba","Sobas","sobas"
option-name,"Add Beef   ($2.00)*","Add Beef   ($2.00)","add beef   ($2.00)","Add Beef   ($2.00)s","add beef   ($2.00)s","Add Beef","add beef","Add Beefs","add beefs"
option-name,"Add Egg   ($2.00)*","Add Egg   ($2.00)","add egg   ($2.00)","Add Egg   ($2.00)s","add egg   ($2.00)s","Add Egg","add egg","Add Eggs","add eggs"
option-name,"Add Fish Cake   ($2.00)*","Add Fish Cake   ($2.00)","add fish cake   ($2.00)","Add Fish Cake   ($2.00)s","add fish cake   ($2.00)s","Add Fish Cake","add fish cake","Add Fish Cakes","add fish cakes"
option-name,"Add Fried Dough   ($2.00)*","Add Fried Dough   ($2.00)","add fried dough   ($2.00)","Add Fried Dough   ($2.00)s","add fried dough   ($2.00)s","Add Fried Dough","add fried dough","Add Fried Doughs","add fried doughs"
option-name,"Add Fried Tofu   ($2.00)*","Add Fried Tofu   ($2.00)","add fried tofu   ($2.00)","Add Fried Tofu   ($2.00)s","add fried tofu   ($2.00)s","Add Fried Tofu","add fried tofu","Add Fried Tofus","add fried tofus"
option-name,"Add Shrimp   ($2.00)*","Add Shrimp   ($2.00)","add shrimp   ($2.00)","Add Shrimp   ($2.00)s","add shrimp   ($2.00)s","Add Shrimp","add shrimp","Add Shrimps","add shrimps"
option-name,"Add Tofu   ($2.00)*","Add Tofu   ($2.00)","add tofu   ($2.00)","Add Tofu   ($2.00)s","add tofu   ($2.00)s","Add Tofu","add tofu","Add Tofus","add tofus"
option-name,"Nigiri (sliced fish on a bed of rice)*","Nigiri (sliced fish on a bed of rice)","nigiri (sliced fish on a bed of rice)","Nigiri (sliced fish on a bed of rice)s","nigiri (sliced fish on a bed of rice)s","Nigiri","nigiri","Nigiris","nigiris"
option-name,"Sashimi (sliced fish, no rice)*","Sashimi (sliced fish, no rice)","sashimi (sliced fish, no rice)","Sashimi (sliced fish, no rice)s","sashimi (sliced fish, no rice)s","Sashimi","sashimi","Sashimis","sashimis"
option-name,"6 Pieces of Avocado Roll*","6 Pieces of Avocado Roll","6 pieces of avocado roll","6 Pieces of Avocado Rolls","6 pieces of avocado rolls"
option-name,"12 Pieces of California Roll*","12 Pieces of California Roll","12 pieces of california roll","12 Pieces of California Rolls","12 pieces of california rolls"
option-name,"2 Pieces of Ebi*","2 Pieces of Ebi","2 pieces of ebi","2 Pieces of Ebis","2 pieces of ebis"
option-name,"5 Pieces of Futomaki*","5 Pieces of Futomaki","5 pieces of futomaki","5 Pieces of Futomakis","5 pieces of futomakis"
option-name,"2 Pieces of Hamachi*","2 Pieces of Hamachi","2 pieces of hamachi","2 Pieces of Hamachis","2 pieces of hamachis"
option-name,"12 Pieces of Kappa*","12 Pieces of Kappa","12 pieces of kappa","12 Pieces of Kappas","12 pieces of kappas"
option-name,"12 Pieces of Kobo*","12 Pieces of Kobo","12 pieces of kobo","12 Pieces of Kobos","12 pieces of kobos"
option-name,"2 Pieces of Maguro*","2 Pieces of Maguro","2 pieces of maguro","2 Pieces of Maguros","2 pieces of maguros"
option-name,"6 Pieces of Osinko*","6 Pieces of Osinko","6 pieces of osinko","6 Pieces of Osinkos","6 pieces of osinkos"
option-name,"6 Pieces of Sake Roll*","6 Pieces of Sake Roll","6 pieces of sake roll","6 Pieces of Sake Rolls","6 pieces of sake rolls"
option-name,"2 Pieces of Saki*","2 Pieces of Saki","2 pieces of saki","2 Pieces of Sakis","2 pieces of sakis"
option-name,"6 Pieces of Salmon Skin Roll*","6 Pieces of Salmon Skin Roll","6 pieces of salmon skin roll","6 Pieces of Salmon Skin Rolls","6 pieces of salmon skin rolls"
option-name,"2 Pieces of Shiro Maguro*","2 Pieces of Shiro Maguro","2 pieces of shiro maguro","2 Pieces of Shiro Maguros","2 pieces of shiro maguros"
option-name,"2 Pieces of Tai*","2 Pieces of Tai","2 pieces of tai","2 Pieces of Tais","2 pieces of tais"
option-name,"12 Pieces of Tekka*","12 Pieces of Tekka","12 pieces of tekka","12 Pieces of Tekkas","12 pieces of tekkas"
option-name,"Served with Creamy Chipotle Dressing (Side)*","Served with Creamy Chipotle Dressing (Side)","served with creamy chipotle dressing (side)","Served with Creamy Chipotle Dressing (Side)s","served with creamy chipotle dressing (side)s","Served with Creamy Chipotle Dressing","served with creamy chipotle dressing","Served with Creamy Chipotle Dressings","served with creamy chipotle dressings"
option-name,"Served with Champagne Vinaigrette (Side)*","Served with Champagne Vinaigrette (Side)","served with champagne vinaigrette (side)","Served with Champagne Vinaigrette (Side)s","served with champagne vinaigrette (side)s","Served with Champagne Vinaigrette","served with champagne vinaigrette","Served with Champagne Vinaigrettes","served with champagne vinaigrettes"
option-name,"Served with Miso Sesame Dressing (Side)*","Served with Miso Sesame Dressing (Side)","served with miso sesame dressing (side)","Served with Miso Sesame Dressing (Side)s","served with miso sesame dressing (side)s","Served with Miso Sesame Dressing","served with miso sesame dressing","Served with Miso Sesame Dressings","served with miso sesame dressings"
option-name,"Served with Caesar Dressing (Side)*","Served with Caesar Dressing (Side)","served with caesar dressing (side)","Served with Caesar Dressing (Side)s","served with caesar dressing (side)s","Served with Caesar Dressing","served with caesar dressing","Served with Caesar Dressings","served with caesar dressings"
option-name,"Served with Balsamic Vinaigrette (Side)*","Served with Balsamic Vinaigrette (Side)","served with balsamic vinaigrette (side)","Served with Balsamic Vinaigrette (Side)s","served with balsamic vinaigrette (side)s","Served with Balsamic Vinaigrette","served with balsamic vinaigrette","Served with Balsamic Vinaigrettes","served with balsamic vinaigrettes"
option-name,"Regular (12oz.)   ($6.25)*","Regular (12oz.)   ($6.25)","regular (12oz.)   ($6.25)","Regular (12oz.)   ($6.25)s","regular (12oz.)   ($6.25)s","Regular","regular","Regulars","regulars"
option-name,"Large (16oz.)   ($7.25)*","Large (16oz.)   ($7.25)","large (16oz.)   ($7.25)","Large (16oz.)   ($7.25)s","large (16oz.)   ($7.25)s","Large","large","Larges","larges"
option-name,"Quart   ($14.00)*","Quart   ($14.00)","quart   ($14.00)","Quart   ($14.00)s","quart   ($14.00)s","Quart","quart","Quarts","quarts"
option-name,"Grandma Mary`s Chicken Soup*","Grandma Mary`s Chicken Soup","grandma mary`s chicken soup","Grandma Mary`s Chicken Soups","grandma mary`s chicken soups"
option-name,"Mexican Chicken Tortilla*","Mexican Chicken Tortilla","mexican chicken tortilla","Mexican Chicken Tortillas","mexican chicken tortillas"
option-name,"New England Clam Chowder*","New England Clam Chowder","new england clam chowder","New England Clam Chowders","new england clam chowders"
option-name,"Organic Smoky Split Pea*","Organic Smoky Split Pea","organic smoky split pea","Organic Smoky Split Peas","organic smoky split peas"
option-name,"Organic Southwestern Corn Chowder*","Organic Southwestern Corn Chowder","organic southwestern corn chowder","Organic Southwestern Corn Chowders","organic southwestern corn chowders"
option-name,"Organic Tomato Bisque*","Organic Tomato Bisque","organic tomato bisque","Organic Tomato Bisques","organic tomato bisques"
option-name,"Turkey Chili*","Turkey Chili","turkey chili","Turkey Chilis","turkey chilis"
option-name,"Roasted Turkey*","Roasted Turkey","roasted turkey","Roasted Turkeys","roasted turkeys"
option-name,"Turkey Pesto*","Turkey Pesto","turkey pesto","Turkey Pestos","turkey pestos"
option-name,"Tuna Salad*","Tuna Salad","tuna salad","Tuna Salads","tuna salads"
option-name,"Grilled Chicken Ciabatta*","Grilled Chicken Ciabatta","grilled chicken ciabatta","Grilled Chicken Ciabattas","grilled chicken ciabattas"
option-name,"Roast Beef*","Roast Beef","roast beef","Roast Beefs","roast beefs"
option-name,"Egg Salad*","Egg Salad","egg salad","Egg Salads","egg salads"
option-name,"California Veggie Cheddar*","California Veggie Cheddar","california veggie cheddar","California Veggie Cheddars","california veggie cheddars"
option-name,"Served with Sourdough Bread*","Served with Sourdough Bread","served with sourdough bread","Served with Sourdough Breads","served with sourdough breads"
option-name,"Served with a Chocolate Chip Cookie*","Served with a Chocolate Chip Cookie","served with a chocolate chip cookie","Served with a Chocolate Chip Cookies","served with a chocolate chip cookies"
option-name,"Served with an Oatmeal Raisin Cookie*","Served with an Oatmeal Raisin Cookie","served with an oatmeal raisin cookie","Served with an Oatmeal Raisin Cookies","served with an oatmeal raisin cookies"
option-name,"Mixed Greens*","Mixed Greens","mixed greens","Mixed Green","mixed green"
option-name,"Classic Caesar*","Classic Caesar","classic caesar","Classic Caesars","classic caesars"
option-name,"Spinach Salad*","Spinach Salad","spinach salad","Spinach Salads","spinach salads"
option-name,"Roasted Turkey Half Sandwich*","Roasted Turkey Half Sandwich","roasted turkey half sandwich","Roasted Turkey Half Sandwichs","roasted turkey half sandwichs"
option-name,"Turkey Pesto Half Sandwich*","Turkey Pesto Half Sandwich","turkey pesto half sandwich","Turkey Pesto Half Sandwichs","turkey pesto half sandwichs"
option-name,"Tuna Salad Half Sandwich*","Tuna Salad Half Sandwich","tuna salad half sandwich","Tuna Salad Half Sandwichs","tuna salad half sandwichs"
option-name,"Grilled Chicken Ciabatta Half Sandwich*","Grilled Chicken Ciabatta Half Sandwich","grilled chicken ciabatta half sandwich","Grilled Chicken Ciabatta Half Sandwichs","grilled chicken ciabatta half sandwichs"
option-name,"Roast Beef Half Sandwich*","Roast Beef Half Sandwich","roast beef half sandwich","Roast Beef Half Sandwichs","roast beef half sandwichs"
option-name,"Egg Salad Half Sandwich*","Egg Salad Half Sandwich","egg salad half sandwich","Egg Salad Half Sandwichs","egg salad half sandwichs"
option-name,"Hummus Half Sandwich*","Hummus Half Sandwich","hummus half sandwich","Hummus Half Sandwichs","hummus half sandwichs"
option-name,"California Veggie Cheddar Half Sandwich*","California Veggie Cheddar Half Sandwich","california veggie cheddar half sandwich","California Veggie Cheddar Half Sandwichs","california veggie cheddar half sandwichs"
option-name,"Mixed Greens Side Salad*","Mixed Greens Side Salad","mixed greens side salad","Mixed Greens Side Salads","mixed greens side salads"
option-name,"Classic Caesar Side Salad*","Classic Caesar Side Salad","classic caesar side salad","Classic Caesar Side Salads","classic caesar side salads"
option-name,"Spinach Salad Side Salad*","Spinach Salad Side Salad","spinach salad side salad","Spinach Salad Side Salads","spinach salad side salads"
option-name,"Served with Chips*","Served with Chips","served with chips","Served with Chip","served with chip"
option-name,"Chocolate Chip*","Chocolate Chip","chocolate chip","Chocolate Chips","chocolate chips"
option-name,"Oatmeal Raisin*","Oatmeal Raisin","oatmeal raisin","Oatmeal Raisins","oatmeal raisins"
option-name,"Add Chicken   ($4.00)*","Add Chicken   ($4.00)","add chicken   ($4.00)","Add Chicken   ($4.00)s","add chicken   ($4.00)s","Add Chicken","add chicken","Add Chickens","add chickens"
option-name,"Half Sandwich Platter*","Half Sandwich Platter","half sandwich platter","Half Sandwich Platters","half sandwich platters"
option-name,"Cookies*","Cookies","cookies","Cookie","cookie"
option-name,"Assorted Beverages*","Assorted Beverages","assorted beverages","Assorted Beverage","assorted beverage"
option-name,"Regular   ($4.69)*","Regular   ($4.69)","regular   ($4.69)","Regular   ($4.69)s","regular   ($4.69)s","Regular","regular","Regulars","regulars"
option-name,"Large   ($5.69)*","Large   ($5.69)","large   ($5.69)","Large   ($5.69)s","large   ($5.69)s","Large","large","Larges","larges"
option-name,"Baked*","Baked","baked","Bakeds","bakeds"
option-name,"Fried*","Fried","fried","Frieds","frieds"
option-name,"Add Basmati Rice   ($2.25)*","Add Basmati Rice   ($2.25)","add basmati rice   ($2.25)","Add Basmati Rice   ($2.25)s","add basmati rice   ($2.25)s","Add Basmati Rice","add basmati rice","Add Basmati Rices","add basmati rices"
option-name,"Full   ($18.95)*","Full   ($18.95)","full   ($18.95)","Full   ($18.95)s","full   ($18.95)s","Full","full","Fulls","fulls"
option-name,"Half   ($5.70)*","Half   ($5.70)","half   ($5.70)","Half   ($5.70)s","half   ($5.70)s","Half","half","Halfs","halfs"
option-name,"Full   ($9.00)*","Full   ($9.00)","full   ($9.00)","Full   ($9.00)s","full   ($9.00)s","Full","full","Fulls","fulls"
option-name,"Asian Dressing*","Asian Dressing","asian dressing","Asian Dressings","asian dressings"
option-name,"Lite Balsamic Vinaigrette*","Lite Balsamic Vinaigrette","lite balsamic vinaigrette","Lite Balsamic Vinaigrettes","lite balsamic vinaigrettes"
option-name,"Zesty Pepitas Dressing*","Zesty Pepitas Dressing","zesty pepitas dressing","Zesty Pepitas Dressings","zesty pepitas dressings"
option-name,"Add 1 Avocado Scoop   ($1.00)*","Add 1 Avocado Scoop   ($1.00)","add 1 avocado scoop   ($1.00)","Add 1 Avocado Scoop   ($1.00)s","add 1 avocado scoop   ($1.00)s","Add 1 Avocado Scoop","add 1 avocado scoop","Add 1 Avocado Scoops","add 1 avocado scoops"
option-name,"Add 2 Avocado Scoops   ($2.00)*","Add 2 Avocado Scoops   ($2.00)","add 2 avocado scoops   ($2.00)","Add 2 Avocado Scoops   ($2.00)s","add 2 avocado scoops   ($2.00)s","Add 2 Avocado Scoops","add 2 avocado scoops","Add 2 Avocado Scoop","add 2 avocado scoop"
option-name,"Add Cold Chicken   ($1.00)*","Add Cold Chicken   ($1.00)","add cold chicken   ($1.00)","Add Cold Chicken   ($1.00)s","add cold chicken   ($1.00)s","Add Cold Chicken","add cold chicken","Add Cold Chickens","add cold chickens"
option-name,"Add Hummus   ($1.00)*","Add Hummus   ($1.00)","add hummus   ($1.00)","Add Hummus   ($1.00)s","add hummus   ($1.00)s","Add Hummus","add hummus","Add Hummu","add hummu"
option-name,"Miss Vickie\\'s Jalapeno Chips and Bottled Water   ($3.90)*","Miss Vickie\\'s Jalapeno Chips and Bottled Water   ($3.90)","miss vickie\\'s jalapeno chips and bottled water   ($3.90)","Miss Vickie\\'s Jalapeno Chips and Bottled Water   ($3.90)s","miss vickie\\'s jalapeno chips and bottled water   ($3.90)s","Miss Vickie's Jalapeno Chips and Bottled Water","miss vickie's jalapeno chips and bottled water","Miss Vickie's Jalapeno Chips and Bottled Waters","miss vickie's jalapeno chips and bottled waters","Miss Vickie","miss vickie","Miss Vickies","miss vickies"
option-name,"Miss Vickie\\'s Salt and Vinegar Chips and Water   ($3.90)*","Miss Vickie\\'s Salt and Vinegar Chips and Water   ($3.90)","miss vickie\\'s salt and vinegar chips and water   ($3.90)","Miss Vickie\\'s Salt and Vinegar Chips and Water   ($3.90)s","miss vickie\\'s salt and vinegar chips and water   ($3.90)s","Miss Vickie's Salt and Vinegar Chips and Water","miss vickie's salt and vinegar chips and water","Miss Vickie's Salt and Vinegar Chips and Waters","miss vickie's salt and vinegar chips and waters","Miss Vickie","miss vickie","Miss Vickies","miss vickies"
option-name,"Doritos Nacho Cheese Chips and Bottled Water   ($3.90)*","Doritos Nacho Cheese Chips and Bottled Water   ($3.90)","doritos nacho cheese chips and bottled water   ($3.90)","Doritos Nacho Cheese Chips and Bottled Water   ($3.90)s","doritos nacho cheese chips and bottled water   ($3.90)s","Doritos Nacho Cheese Chips and Bottled Water","doritos nacho cheese chips and bottled water","Doritos Nacho Cheese Chips and Bottled Waters","doritos nacho cheese chips and bottled waters"
option-name,"Original Sunchips and Bottled Water   ($3.90)*","Original Sunchips and Bottled Water   ($3.90)","original sunchips and bottled water   ($3.90)","Original Sunchips and Bottled Water   ($3.90)s","original sunchips and bottled water   ($3.90)s","Original Sunchips and Bottled Water","original sunchips and bottled water","Original Sunchips and Bottled Waters","original sunchips and bottled waters"
option-name,"Baked Lays BBQ Chips and Bottled Water   ($3.90)*","Baked Lays BBQ Chips and Bottled Water   ($3.90)","baked lays bbq chips and bottled water   ($3.90)","Baked Lays BBQ Chips and Bottled Water   ($3.90)s","baked lays bbq chips and bottled water   ($3.90)s","Baked Lays BBQ Chips and Bottled Water","baked lays bbq chips and bottled water","Baked Lays BBQ Chips and Bottled Waters","baked lays bbq chips and bottled waters"
option-name,"Lay\\'s Regular Chips and Bottled Water   ($3.90)*","Lay\\'s Regular Chips and Bottled Water   ($3.90)","lay\\'s regular chips and bottled water   ($3.90)","Lay\\'s Regular Chips and Bottled Water   ($3.90)s","lay\\'s regular chips and bottled water   ($3.90)s","Lay's Regular Chips and Bottled Water","lay's regular chips and bottled water","Lay's Regular Chips and Bottled Waters","lay's regular chips and bottled waters","Lay","lay"
option-name,"Lay\\'s Sour Cream & Onion Chips and Bottled Water   ($3.90)*","Lay\\'s Sour Cream & Onion Chips and Bottled Water   ($3.90)","lay\\'s sour cream & onion chips and bottled water   ($3.90)","Lay\\'s Sour Cream & Onion Chips and Bottled Water   ($3.90)s","lay\\'s sour cream & onion chips and bottled water   ($3.90)s","Lay's Sour Cream & Onion Chips and Bottled Water","lay's sour cream & onion chips and bottled water","Lay's Sour Cream & Onion Chips and Bottled Waters","lay's sour cream & onion chips and bottled waters","Lay","lay"
option-name,"Miss Vickie\\'s Jalapeno Chips and Soda   ($4.50)*","Miss Vickie\\'s Jalapeno Chips and Soda   ($4.50)","miss vickie\\'s jalapeno chips and soda   ($4.50)","Miss Vickie\\'s Jalapeno Chips and Soda   ($4.50)s","miss vickie\\'s jalapeno chips and soda   ($4.50)s","Miss Vickie's Jalapeno Chips and Soda","miss vickie's jalapeno chips and soda","Miss Vickie's Jalapeno Chips and Sodas","miss vickie's jalapeno chips and sodas","Miss Vickie","miss vickie","Miss Vickies","miss vickies"
option-name,"Miss Vickie\\'s Salt and Vinegar Chips and Soda   ($4.50)*","Miss Vickie\\'s Salt and Vinegar Chips and Soda   ($4.50)","miss vickie\\'s salt and vinegar chips and soda   ($4.50)","Miss Vickie\\'s Salt and Vinegar Chips and Soda   ($4.50)s","miss vickie\\'s salt and vinegar chips and soda   ($4.50)s","Miss Vickie's Salt and Vinegar Chips and Soda","miss vickie's salt and vinegar chips and soda","Miss Vickie's Salt and Vinegar Chips and Sodas","miss vickie's salt and vinegar chips and sodas","Miss Vickie","miss vickie","Miss Vickies","miss vickies"
option-name,"Doritos Nacho Cheese Chips and Soda   ($4.50)*","Doritos Nacho Cheese Chips and Soda   ($4.50)","doritos nacho cheese chips and soda   ($4.50)","Doritos Nacho Cheese Chips and Soda   ($4.50)s","doritos nacho cheese chips and soda   ($4.50)s","Doritos Nacho Cheese Chips and Soda","doritos nacho cheese chips and soda","Doritos Nacho Cheese Chips and Sodas","doritos nacho cheese chips and sodas"
option-name,"Original Sunchips and Soda   ($4.50)*","Original Sunchips and Soda   ($4.50)","original sunchips and soda   ($4.50)","Original Sunchips and Soda   ($4.50)s","original sunchips and soda   ($4.50)s","Original Sunchips and Soda","original sunchips and soda","Original Sunchips and Sodas","original sunchips and sodas"
option-name,"Baked Lays BBQ Chips and Soda   ($4.50)*","Baked Lays BBQ Chips and Soda   ($4.50)","baked lays bbq chips and soda   ($4.50)","Baked Lays BBQ Chips and Soda   ($4.50)s","baked lays bbq chips and soda   ($4.50)s","Baked Lays BBQ Chips and Soda","baked lays bbq chips and soda","Baked Lays BBQ Chips and Sodas","baked lays bbq chips and sodas"
option-name,"Lay\\'s Regular Chips and Soda   ($4.50)*","Lay\\'s Regular Chips and Soda   ($4.50)","lay\\'s regular chips and soda   ($4.50)","Lay\\'s Regular Chips and Soda   ($4.50)s","lay\\'s regular chips and soda   ($4.50)s","Lay's Regular Chips and Soda","lay's regular chips and soda","Lay's Regular Chips and Sodas","lay's regular chips and sodas","Lay","lay"
option-name,"Lay\\'s Sour Cream & Onion Chips and Soda   ($4.50)*","Lay\\'s Sour Cream & Onion Chips and Soda   ($4.50)","lay\\'s sour cream & onion chips and soda   ($4.50)","Lay\\'s Sour Cream & Onion Chips and Soda   ($4.50)s","lay\\'s sour cream & onion chips and soda   ($4.50)s","Lay's Sour Cream & Onion Chips and Soda","lay's sour cream & onion chips and soda","Lay's Sour Cream & Onion Chips and Sodas","lay's sour cream & onion chips and sodas","Lay","lay"
option-name,"Half   ($5.10)*","Half   ($5.10)","half   ($5.10)","Half   ($5.10)s","half   ($5.10)s","Half","half","Halfs","halfs"
option-name,"Full   ($8.35)*","Full   ($8.35)","full   ($8.35)","Full   ($8.35)s","full   ($8.35)s","Full","full","Fulls","fulls"
option-name,"3\\'\\' Mini   ($4.50)*","3\\'\\' Mini   ($4.50)","3\\'\\' mini   ($4.50)","3\\'\\' Mini   ($4.50)s","3\\'\\' mini   ($4.50)s","3'' Mini","3'' mini","3'' Minis","3'' minis"
option-name,"6\\'\\' Regular   ($8.45)*","6\\'\\' Regular   ($8.45)","6\\'\\' regular   ($8.45)","6\\'\\' Regular   ($8.45)s","6\\'\\' regular   ($8.45)s","6'' Regular","6'' regular","6'' Regulars","6'' regulars"
option-name,"9\\'\\' Large   ($11.50)*","9\\'\\' Large   ($11.50)","9\\'\\' large   ($11.50)","9\\'\\' Large   ($11.50)s","9\\'\\' large   ($11.50)s","9'' Large","9'' large","9'' Larges","9'' larges"
option-name,"White*","White","white","Whites","whites"
option-name,"Wheat*","Wheat","wheat","Wheats","wheats"
option-name,"Sourdough*","Sourdough","sourdough","Sourdoughs","sourdoughs"
option-name,"Parmesan*","Parmesan","parmesan","Parmesans","parmesans"
option-name,"Light Mayo*","Light Mayo","light mayo","Light Mayos","light mayos"
option-name,"Extra Mayo*","Extra Mayo","extra mayo","Extra Mayos","extra mayos"
option-name,"Light Mustard*","Light Mustard","light mustard","Light Mustards","light mustards"
option-name,"Add Turkey   ($1.50)*","Add Turkey   ($1.50)","add turkey   ($1.50)","Add Turkey   ($1.50)s","add turkey   ($1.50)s","Add Turkey","add turkey","Add Turkeys","add turkeys"
option-name,"Add Ham   ($1.50)*","Add Ham   ($1.50)","add ham   ($1.50)","Add Ham   ($1.50)s","add ham   ($1.50)s","Add Ham","add ham","Add Hams","add hams"
option-name,"Add Salami   ($1.50)*","Add Salami   ($1.50)","add salami   ($1.50)","Add Salami   ($1.50)s","add salami   ($1.50)s","Add Salami","add salami","Add Salamis","add salamis"
option-name,"Add Roast Beef   ($2.00)*","Add Roast Beef   ($2.00)","add roast beef   ($2.00)","Add Roast Beef   ($2.00)s","add roast beef   ($2.00)s","Add Roast Beef","add roast beef","Add Roast Beefs","add roast beefs"
option-name,"Add Pastrami   ($2.00)*","Add Pastrami   ($2.00)","add pastrami   ($2.00)","Add Pastrami   ($2.00)s","add pastrami   ($2.00)s","Add Pastrami","add pastrami","Add Pastramis","add pastramis"
option-name,"1 Bacon Slice   ($0.75)*","1 Bacon Slice   ($0.75)","1 bacon slice   ($0.75)","1 Bacon Slice   ($0.75)s","1 bacon slice   ($0.75)s","1 Bacon Slice","1 bacon slice","1 Bacon Slices","1 bacon slices"
option-name,"2 Bacon Slices   ($1.50)*","2 Bacon Slices   ($1.50)","2 bacon slices   ($1.50)","2 Bacon Slices   ($1.50)s","2 bacon slices   ($1.50)s","2 Bacon Slices","2 bacon slices","2 Bacon Slice","2 bacon slice"
option-name,"3 Bacon Slices   ($2.25)*","3 Bacon Slices   ($2.25)","3 bacon slices   ($2.25)","3 Bacon Slices   ($2.25)s","3 bacon slices   ($2.25)s","3 Bacon Slices","3 bacon slices","3 Bacon Slice","3 bacon slice"
option-name,"Add 3 Provolone Cheese Slices   ($1.00)*","Add 3 Provolone Cheese Slices   ($1.00)","add 3 provolone cheese slices   ($1.00)","Add 3 Provolone Cheese Slices   ($1.00)s","add 3 provolone cheese slices   ($1.00)s","Add 3 Provolone Cheese Slices","add 3 provolone cheese slices","Add 3 Provolone Cheese Slice","add 3 provolone cheese slice"
option-name,"Add 3 Swiss Cheese Slices   ($1.00)*","Add 3 Swiss Cheese Slices   ($1.00)","add 3 swiss cheese slices   ($1.00)","Add 3 Swiss Cheese Slices   ($1.00)s","add 3 swiss cheese slices   ($1.00)s","Add 3 Swiss Cheese Slices","add 3 swiss cheese slices","Add 3 Swiss Cheese Slice","add 3 swiss cheese slice"
option-name,"Add 3 Cheddar Cheese Slices   ($1.00)*","Add 3 Cheddar Cheese Slices   ($1.00)","add 3 cheddar cheese slices   ($1.00)","Add 3 Cheddar Cheese Slices   ($1.00)s","add 3 cheddar cheese slices   ($1.00)s","Add 3 Cheddar Cheese Slices","add 3 cheddar cheese slices","Add 3 Cheddar Cheese Slice","add 3 cheddar cheese slice"
option-name,"Add 3 American Cheese Slices   ($1.00)*","Add 3 American Cheese Slices   ($1.00)","add 3 american cheese slices   ($1.00)","Add 3 American Cheese Slices   ($1.00)s","add 3 american cheese slices   ($1.00)s","Add 3 American Cheese Slices","add 3 american cheese slices","Add 3 American Cheese Slice","add 3 american cheese slice"
option-name,"Add 3 Pepper Jack Cheese Slices   ($1.00)*","Add 3 Pepper Jack Cheese Slices   ($1.00)","add 3 pepper jack cheese slices   ($1.00)","Add 3 Pepper Jack Cheese Slices   ($1.00)s","add 3 pepper jack cheese slices   ($1.00)s","Add 3 Pepper Jack Cheese Slices","add 3 pepper jack cheese slices","Add 3 Pepper Jack Cheese Slice","add 3 pepper jack cheese slice"
option-name,"No Lettuce*","No Lettuce","no lettuce","No Lettuces","no lettuces"
option-name,"No Tomato*","No Tomato","no tomato","No Tomatos","no tomatos"
option-name,"No Onion*","No Onion","no onion","No Onions","no onions"
option-name,"No Pickles*","No Pickles","no pickles","No Pickle","no pickle"
option-name,"No Pepperoncinis*","No Pepperoncinis","no pepperoncinis","No Pepperoncini","no pepperoncini"
option-name,"Add Black Olives*","Add Black Olives","add black olives","Add Black Olive","add black olive"
option-name,"Add Jalapenos*","Add Jalapenos","add jalapenos","Add Jalapeno","add jalapeno"
option-name,"Add Salt*","Add Salt","add salt","Add Salts","add salts"
option-name,"Add Pepper*","Add Pepper","add pepper","Add Peppers","add peppers"
option-name,"Add Avocado (1 Scoop)   ($1.30)*","Add Avocado (1 Scoop)   ($1.30)","add avocado (1 scoop)   ($1.30)","Add Avocado (1 Scoop)   ($1.30)s","add avocado (1 scoop)   ($1.30)s","Add Avocado","add avocado","Add Avocados","add avocados"
option-name,"Add Avocado (2 Scopps)   ($2.60)*","Add Avocado (2 Scopps)   ($2.60)","add avocado (2 scopps)   ($2.60)","Add Avocado (2 Scopps)   ($2.60)s","add avocado (2 scopps)   ($2.60)s","Add Avocado","add avocado","Add Avocados","add avocados"
option-name,"6\\'\\' Regular   ($9.00)*","6\\'\\' Regular   ($9.00)","6\\'\\' regular   ($9.00)","6\\'\\' Regular   ($9.00)s","6\\'\\' regular   ($9.00)s","6'' Regular","6'' regular","6'' Regulars","6'' regulars"
option-name,"9\\'\\' Large   ($11.95)*","9\\'\\' Large   ($11.95)","9\\'\\' large   ($11.95)","9\\'\\' Large   ($11.95)s","9\\'\\' large   ($11.95)s","9'' Large","9'' large","9'' Larges","9'' larges"
option-name,"3\\'\\' Mini   ($5.25)*","3\\'\\' Mini   ($5.25)","3\\'\\' mini   ($5.25)","3\\'\\' Mini   ($5.25)s","3\\'\\' mini   ($5.25)s","3'' Mini","3'' mini","3'' Minis","3'' minis"
option-name,"6\\'\\' Regular   ($9.75)*","6\\'\\' Regular   ($9.75)","6\\'\\' regular   ($9.75)","6\\'\\' Regular   ($9.75)s","6\\'\\' regular   ($9.75)s","6'' Regular","6'' regular","6'' Regulars","6'' regulars"
option-name,"9\\'\\' Large   ($12.95)*","9\\'\\' Large   ($12.95)","9\\'\\' large   ($12.95)","9\\'\\' Large   ($12.95)s","9\\'\\' large   ($12.95)s","9'' Large","9'' large","9'' Larges","9'' larges"
option-name,"6\\'\\' Regular   ($7.95)*","6\\'\\' Regular   ($7.95)","6\\'\\' regular   ($7.95)","6\\'\\' Regular   ($7.95)s","6\\'\\' regular   ($7.95)s","6'' Regular","6'' regular","6'' Regulars","6'' regulars"
option-name,"9\\'\\' Large   ($10.75)*","9\\'\\' Large   ($10.75)","9\\'\\' large   ($10.75)","9\\'\\' Large   ($10.75)s","9\\'\\' large   ($10.75)s","9'' Large","9'' large","9'' Larges","9'' larges"
option-name,"6\\'\\' Regular   ($8.95)*","6\\'\\' Regular   ($8.95)","6\\'\\' regular   ($8.95)","6\\'\\' Regular   ($8.95)s","6\\'\\' regular   ($8.95)s","6'' Regular","6'' regular","6'' Regulars","6'' regulars"
option-name,"6\\'\\' Regular   ($9.95)*","6\\'\\' Regular   ($9.95)","6\\'\\' regular   ($9.95)","6\\'\\' Regular   ($9.95)s","6\\'\\' regular   ($9.95)s","6'' Regular","6'' regular","6'' Regulars","6'' regulars"
option-name,"9\\'\\' Large   ($13.30)*","9\\'\\' Large   ($13.30)","9\\'\\' large   ($13.30)","9\\'\\' Large   ($13.30)s","9\\'\\' large   ($13.30)s","9'' Large","9'' large","9'' Larges","9'' larges"
option-name,"3\\'\\'   ($5.50)*","3\\'\\'   ($5.50)","3\\'\\'   ($5.50)s","3''"
option-name,"6\\'\\'   ($10.30)*","6\\'\\'   ($10.30)","6\\'\\'   ($10.30)s","6''"
option-name,"9\\'\\'    ($13.65)*","9\\'\\'    ($13.65)","9\\'\\'    ($13.65)s","9''"
option-name,"9\\'\\'   ($13.65)*","9\\'\\'   ($13.65)","9\\'\\'   ($13.65)s","9''"
option-name,"6\\'\\'   ($12.75)*","6\\'\\'   ($12.75)","6\\'\\'   ($12.75)s","6''"
option-name,"9\\'\\'   ($16.75)*","9\\'\\'   ($16.75)","9\\'\\'   ($16.75)s","9''"
option-name,"6\\'\\' Regular   ($7.80)*","6\\'\\' Regular   ($7.80)","6\\'\\' regular   ($7.80)","6\\'\\' Regular   ($7.80)s","6\\'\\' regular   ($7.80)s","6'' Regular","6'' regular","6'' Regulars","6'' regulars"
option-name,"9\\'\\' Large   ($10.80)*","9\\'\\' Large   ($10.80)","9\\'\\' large   ($10.80)","9\\'\\' Large   ($10.80)s","9\\'\\' large   ($10.80)s","9'' Large","9'' large","9'' Larges","9'' larges"
option-name,"Pepper Jack Cheese*","Pepper Jack Cheese","pepper jack cheese","Pepper Jack Cheeses","pepper jack cheeses"
option-name,"3\\'\\' Mini   ($4.25)*","3\\'\\' Mini   ($4.25)","3\\'\\' mini   ($4.25)","3\\'\\' Mini   ($4.25)s","3\\'\\' mini   ($4.25)s","3'' Mini","3'' mini","3'' Minis","3'' minis"
option-name,"6\\'\\' Regular   ($5.50)*","6\\'\\' Regular   ($5.50)","6\\'\\' regular   ($5.50)","6\\'\\' Regular   ($5.50)s","6\\'\\' regular   ($5.50)s","6'' Regular","6'' regular","6'' Regulars","6'' regulars"
option-name,"9\\'\\' Large   ($7.50)*","9\\'\\' Large   ($7.50)","9\\'\\' large   ($7.50)","9\\'\\' Large   ($7.50)s","9\\'\\' large   ($7.50)s","9'' Large","9'' large","9'' Larges","9'' larges"
option-name,"Miss Vickie\\'s Jalapeno Chips*","Miss Vickie\\'s Jalapeno Chips","miss vickie\\'s jalapeno chips","Miss Vickie\\'s Jalapeno Chip","miss vickie\\'s jalapeno chip","Miss Vickie's Jalapeno Chips","miss vickie's jalapeno chips","Miss Vickie's Jalapeno Chip","miss vickie's jalapeno chip","Miss Vickie","miss vickie","Miss Vickies","miss vickies"
option-name,"Miss Vickie\\'s Salt & Vinegar Chips*","Miss Vickie\\'s Salt & Vinegar Chips","miss vickie\\'s salt & vinegar chips","Miss Vickie\\'s Salt & Vinegar Chip","miss vickie\\'s salt & vinegar chip","Miss Vickie's Salt & Vinegar Chips","miss vickie's salt & vinegar chips","Miss Vickie's Salt & Vinegar Chip","miss vickie's salt & vinegar chip","Miss Vickie","miss vickie","Miss Vickies","miss vickies"
option-name,"Doritos Nacho Cheese Chips*","Doritos Nacho Cheese Chips","doritos nacho cheese chips","Doritos Nacho Cheese Chip","doritos nacho cheese chip"
option-name,"Original Sunchips*","Original Sunchips","original sunchips","Original Sunchip","original sunchip"
option-name,"Baked Lay\\'s BBQ Chips*","Baked Lay\\'s BBQ Chips","baked lay\\'s bbq chips","Baked Lay\\'s BBQ Chip","baked lay\\'s bbq chip","Baked Lay's BBQ Chips","baked lay's bbq chips","Baked Lay's BBQ Chip","baked lay's bbq chip","Baked Lay","baked lay","Baked Lays","baked lays"
option-name,"Lay\\'s Regular Chips*","Lay\\'s Regular Chips","lay\\'s regular chips","Lay\\'s Regular Chip","lay\\'s regular chip","Lay's Regular Chips","lay's regular chips","Lay's Regular Chip","lay's regular chip","Lay","lay"
option-name,"Lay\\'s Sour Cream & Onion Chips*","Lay\\'s Sour Cream & Onion Chips","lay\\'s sour cream & onion chips","Lay\\'s Sour Cream & Onion Chip","lay\\'s sour cream & onion chip","Lay's Sour Cream & Onion Chips","lay's sour cream & onion chips","Lay's Sour Cream & Onion Chip","lay's sour cream & onion chip","Lay","lay"
option-name,"Peanut Butter Cookie*","Peanut Butter Cookie","peanut butter cookie","Peanut Butter Cookies","peanut butter cookies"
option-name,"Oatmeal Raisin Cookie*","Oatmeal Raisin Cookie","oatmeal raisin cookie","Oatmeal Raisin Cookies","oatmeal raisin cookies"
option-name,"Mayo (Side)*","Mayo (Side)","mayo (side)","Mayo (Side)s","mayo (side)s","Mayo","mayo","Mayos","mayos"
option-name,"Mustard (Side)*","Mustard (Side)","mustard (side)","Mustard (Side)s","mustard (side)s","Mustard","mustard","Mustards","mustards"
option-name,"Regular   ($73.00)*","Regular   ($73.00)","regular   ($73.00)","Regular   ($73.00)s","regular   ($73.00)s","Regular","regular","Regulars","regulars"
option-name,"Large   ($98.00)*","Large   ($98.00)","large   ($98.00)","Large   ($98.00)s","large   ($98.00)s","Large","large","Larges","larges"
option-name,"Black Forest Ham & Cheese Sandwich*","Black Forest Ham & Cheese Sandwich","black forest ham & cheese sandwich","Black Forest Ham & Cheese Sandwichs","black forest ham & cheese sandwichs","Black Forest Ham","black forest ham","Black Forest Hams","black forest hams"
option-name,"Turkey & Cheese Sandwich*","Turkey & Cheese Sandwich","turkey & cheese sandwich","Turkey & Cheese Sandwichs","turkey & cheese sandwichs","Turkey","turkey","Turkeys","turkeys"
option-name,"Turkey, Salami & Cheese Sandwich*","Turkey, Salami & Cheese Sandwich","turkey, salami & cheese sandwich","Turkey, Salami & Cheese Sandwichs","turkey, salami & cheese sandwichs","Turkey, Salami","turkey, salami","Turkey, Salamis","turkey, salamis"
option-name,"Turkey & Cranberry Sandwich*","Turkey & Cranberry Sandwich","turkey & cranberry sandwich","Turkey & Cranberry Sandwichs","turkey & cranberry sandwichs","Turkey","turkey","Turkeys","turkeys"
option-name,"Turkey, Roast Beef & Cheese Sandwich*","Turkey, Roast Beef & Cheese Sandwich","turkey, roast beef & cheese sandwich","Turkey, Roast Beef & Cheese Sandwichs","turkey, roast beef & cheese sandwichs","Turkey, Roast Beef","turkey, roast beef","Turkey, Roast Beefs","turkey, roast beefs"
option-name,"Roast Beef & Avocado Sandwich*","Roast Beef & Avocado Sandwich","roast beef & avocado sandwich","Roast Beef & Avocado Sandwichs","roast beef & avocado sandwichs","Roast Beef","roast beef","Roast Beefs","roast beefs"
option-name,"The Italian Sandwich*","The Italian Sandwich","the italian sandwich","The Italian Sandwichs","the italian sandwichs"
option-name,"Capicolla, Dry Salami & Provolone Sandwich*","Capicolla, Dry Salami & Provolone Sandwich","capicolla, dry salami & provolone sandwich","Capicolla, Dry Salami & Provolone Sandwichs","capicolla, dry salami & provolone sandwichs","Capicolla, Dry Salami","capicolla, dry salami","Capicolla, Dry Salamis","capicolla, dry salamis"
option-name,"Albacore Tuna Sandwich (Dolphin Safe) *","Albacore Tuna Sandwich (Dolphin Safe) ","albacore tuna sandwich (dolphin safe) ","Albacore Tuna Sandwich (Dolphin Safe) s","albacore tuna sandwich (dolphin safe) s","Albacore Tuna Sandwich","albacore tuna sandwich","Albacore Tuna Sandwichs","albacore tuna sandwichs"
option-name,"Dry Salami & Cheese Sandwich*","Dry Salami & Cheese Sandwich","dry salami & cheese sandwich","Dry Salami & Cheese Sandwichs","dry salami & cheese sandwichs","Dry Salami","dry salami","Dry Salamis","dry salamis"
option-name,"Avocado & Cheese Sandwich*","Avocado & Cheese Sandwich","avocado & cheese sandwich","Avocado & Cheese Sandwichs","avocado & cheese sandwichs","Avocado","avocado","Avocados","avocados"
option-name,"Turkey, Ham & Cheese Sandwich*","Turkey, Ham & Cheese Sandwich","turkey, ham & cheese sandwich","Turkey, Ham & Cheese Sandwichs","turkey, ham & cheese sandwichs","Turkey, Ham","turkey, ham","Turkey, Hams","turkey, hams"
option-name,"Chunky Chicken Salad Sandwich*","Chunky Chicken Salad Sandwich","chunky chicken salad sandwich","Chunky Chicken Salad Sandwichs","chunky chicken salad sandwichs"
option-name,"Turkey, Ham, Salami & Cheese Sandwich*","Turkey, Ham, Salami & Cheese Sandwich","turkey, ham, salami & cheese sandwich","Turkey, Ham, Salami & Cheese Sandwichs","turkey, ham, salami & cheese sandwichs","Turkey, Ham, Salami","turkey, ham, salami","Turkey, Ham, Salamis","turkey, ham, salamis"
option-name,"Regular   ($40.00)*","Regular   ($40.00)","regular   ($40.00)","Regular   ($40.00)s","regular   ($40.00)s","Regular","regular","Regulars","regulars"
option-name,"Large   ($72.00)*","Large   ($72.00)","large   ($72.00)","Large   ($72.00)s","large   ($72.00)s","Large","large","Larges","larges"
option-name,"Regular   ($34.00)*","Regular   ($34.00)","regular   ($34.00)","Regular   ($34.00)s","regular   ($34.00)s","Regular","regular","Regulars","regulars"
option-name,"Large   ($59.00)*","Large   ($59.00)","large   ($59.00)","Large   ($59.00)s","large   ($59.00)s","Large","large","Larges","larges"
option-name,"Regular   ($52.00)*","Regular   ($52.00)","regular   ($52.00)","Regular   ($52.00)s","regular   ($52.00)s","Regular","regular","Regulars","regulars"
option-name,"Large   ($85.00)*","Large   ($85.00)","large   ($85.00)","Large   ($85.00)s","large   ($85.00)s","Large","large","Larges","larges"
option-name,"Chicken   ($10.00)*","Chicken   ($10.00)","chicken   ($10.00)","Chicken   ($10.00)s","chicken   ($10.00)s","Chicken","chicken","Chickens","chickens"
option-name,"Regular   ($20.00)*","Regular   ($20.00)","regular   ($20.00)","Regular   ($20.00)s","regular   ($20.00)s","Regular","regular","Regulars","regulars"
option-name,"Large   ($40.00)*","Large   ($40.00)","large   ($40.00)","Large   ($40.00)s","large   ($40.00)s","Large","large","Larges","larges"
option-name,"Regular   ($24.00)*","Regular   ($24.00)","regular   ($24.00)","Regular   ($24.00)s","regular   ($24.00)s","Regular","regular","Regulars","regulars"
option-name,"Large   ($49.00)*","Large   ($49.00)","large   ($49.00)","Large   ($49.00)s","large   ($49.00)s","Large","large","Larges","larges"
option-name,"Regular   ($22.60)*","Regular   ($22.60)","regular   ($22.60)","Regular   ($22.60)s","regular   ($22.60)s","Regular","regular","Regulars","regulars"
option-name,"Large   ($45.20)*","Large   ($45.20)","large   ($45.20)","Large   ($45.20)s","large   ($45.20)s","Large","large","Larges","larges"